2022-08-23 14:58,31,24.4,3.03,-50
2022-08-23 15:00,32,25.2,3.03,-47
2022-08-23 15:05,33,25.1,3.03,-48
2022-08-23 15:10,34,24.6,3.03,-48
2022-08-23 15:15,35,24.5,3.03,-48
2022-08-23 15:20,36,24.6,3.03,-48
2022-08-23 15:25,37,24.2,3.04,-47
2022-08-23 15:30,38,24.4,3.03,-48
2022-08-23 15:35,39,24.5,3.03,-48
2022-08-23 15:40,40,24.3,3.03,-49
2022-08-23 15:45,41,24.5,3.03,-48
2022-08-23 15:50,42,24.3,3.03,-47
2022-08-23 15:55,43,24.4,3.03,-47
2022-08-23 16:00,44,24.6,3.03,-49
2022-08-23 16:05,45,24.3,3.03,-48
2022-08-23 16:10,46,24.5,3.03,-47
2022-08-23 16:15,47,24.3,3.03,-47
2022-08-23 16:20,48,24.4,3.03,-47
2022-08-23 16:25,49,24.5,3.03,-48
2022-08-23 16:30,50,24.2,3.03,-49
2022-08-23 16:35,51,24.4,3.03,-48
2022-08-23 16:40,52,24.3,3.03,-48
2022-08-23 16:45,53,24.4,3.03,-47
2022-08-23 16:50,54,24.5,3.03,-46
2022-08-23 16:55,55,24.2,3.03,-46
2022-08-23 17:00,56,24.5,3.03,-46
2022-08-23 17:05,57,24.3,3.03,-49
2022-08-23 17:10,58,24.4,3.03,-46
2022-08-23 17:15,59,24.3,3.02,-43
2022-08-23 17:20,60,23.8,3.02,-43
2022-08-23 17:25,61,23.9,3.03,-40
2022-08-23 17:30,62,24.0,3.03,-44
2022-08-23 17:34,63,23.7,3.02,-43
2022-08-23 17:39,64,23.7,3.03,-42
2022-08-23 17:44,65,23.7,3.03,-40
2022-08-23 17:49,66,23.7,3.03,-41
2022-08-23 17:54,67,23.7,3.03,-39
2022-08-23 17:59,68,23.4,3.03,-43
2022-08-23 18:04,69,23.7,2.97,-42
2022-08-23 18:09,70,23.5,3.03,-44
2022-08-23 18:14,71,23.5,3.03,-43
2022-08-23 18:19,72,23.6,3.03,-44
2022-08-23 18:24,73,23.4,3.03,-42
2022-08-23 18:29,74,23.8,3.03,-38
2022-08-23 18:34,75,23.6,3.03,-42
2022-08-23 18:39,76,23.5,3.03,-43
2022-08-23 18:44,77,23.8,3.03,-43
2022-08-23 18:49,78,23.4,3.04,-43
2022-08-23 18:54,79,23.5,3.03,-38
2022-08-23 18:59,80,23.6,3.03,-38
2022-08-23 19:04,81,23.3,3.03,-38
2022-08-23 19:09,82,23.7,3.03,-40
2022-08-23 19:14,83,23.4,3.04,-42
2022-08-23 19:19,84,23.5,3.03,-43
2022-08-23 19:24,85,23.6,3.03,-44
2022-08-23 19:29,86,23.2,3.03,-42
2022-08-23 19:34,87,23.5,3.03,-43
2022-08-23 19:39,88,23.5,3.03,-45
2022-08-23 19:44,89,23.2,3.03,-38
2022-08-23 19:49,90,23.4,3.03,-44
2022-08-23 19:54,91,23.3,3.03,-44
2022-08-23 19:59,92,23.1,3.04,-41
2022-08-23 20:04,93,23.4,3.03,-44
2022-08-23 20:09,94,23.4,3.03,-42
2022-08-23 20:14,95,23.0,3.03,-38
2022-08-23 20:19,96,23.3,3.03,-42
2022-08-23 20:24,97,23.4,3.02,-42
2022-08-23 20:29,98,23.0,3.03,-46
2022-08-23 20:34,99,23.1,3.03,-41
2022-08-23 20:39,100,23.3,3.02,-42
2022-08-23 20:44,101,23.3,3.03,-42
2022-08-23 20:49,102,23.0,3.03,-43
2022-08-23 20:54,103,23.2,3.03,-43
2022-08-23 20:59,104,23.3,3.02,-42
2022-08-23 21:03,105,23.1,3.03,-38
2022-08-23 21:08,106,23.0,3.03,-37
2022-08-23 21:13,107,23.2,3.03,-43
2022-08-23 21:18,108,23.2,3.03,-42
2022-08-23 21:23,109,23.1,3.03,-42
2022-08-23 21:28,110,22.9,3.03,-40
2022-08-23 21:33,111,23.1,3.03,-38
2022-08-23 21:38,112,23.2,3.03,-42
2022-08-23 21:43,113,23.2,3.02,-46
2022-08-23 21:48,114,22.9,3.03,-38
2022-08-23 21:53,115,23.1,3.03,-41
2022-08-23 21:58,116,23.2,3.03,-41
2022-08-23 22:03,117,23.2,3.03,-41
2022-08-23 22:08,118,22.9,3.03,-40
2022-08-23 22:13,119,22.9,3.03,-41
2022-08-23 22:18,120,23.1,3.03,-40
2022-08-23 22:23,121,23.2,3.03,-41
2022-08-23 22:28,122,23.2,3.04,-42
2022-08-23 22:33,123,22.8,3.03,-37
2022-08-23 22:38,124,23.0,3.03,-41
2022-08-23 22:43,125,23.1,3.03,-37
2022-08-23 22:48,126,23.1,3.03,-41
2022-08-23 22:53,127,22.9,3.02,-43
2022-08-23 22:58,128,22.8,3.04,-43
2022-08-23 23:03,129,23.0,3.03,-44
2022-08-23 23:08,130,23.0,3.03,-44
2022-08-23 23:13,131,23.0,3.02,-43
2022-08-23 23:18,132,23.1,3.03,-40
2022-08-23 23:23,133,22.7,3.04,-43
2022-08-23 23:28,134,22.8,3.03,-38
2022-08-23 23:33,135,22.9,3.03,-43
2022-08-23 23:38,136,23.0,3.03,-40
2022-08-23 23:43,137,23.0,3.03,-41
2022-08-23 23:48,138,22.9,3.03,-42
2022-08-23 23:53,139,22.7,3.03,-40
2022-08-23 23:58,140,22.8,3.03,-38
2022-08-24 00:03,141,22.9,3.03,-43
2022-08-24 00:08,142,22.9,3.03,-43
2022-08-24 00:13,143,23.0,3.03,-42
2022-08-24 00:18,144,22.8,3.03,-42
2022-08-24 00:23,145,22.7,3.03,-39
2022-08-24 00:28,146,22.8,3.03,-40
2022-08-24 00:33,147,22.9,3.03,-43
2022-08-24 00:37,148,22.9,3.03,-41
2022-08-24 00:42,149,22.9,3.03,-39
2022-08-24 00:47,150,22.9,3.03,-43
2022-08-24 00:52,151,22.6,3.03,-40
2022-08-24 00:57,152,22.7,3.03,-40
2022-08-24 01:02,153,22.8,3.02,-39
2022-08-24 01:07,154,22.8,3.03,-42
2022-08-24 01:12,155,22.9,3.03,-43
2022-08-24 01:17,156,22.9,3.03,-42
2022-08-24 01:22,157,22.6,3.03,-38
2022-08-24 01:27,158,22.7,3.02,-42
2022-08-24 01:32,159,22.7,3.04,-42
2022-08-24 01:37,160,22.7,3.03,-42
2022-08-24 01:42,161,22.8,3.03,-41
2022-08-24 01:47,162,22.8,3.03,-40
2022-08-24 01:52,163,22.8,3.03,-42
2022-08-24 01:57,164,22.8,3.04,-41
2022-08-24 02:02,165,22.5,3.03,-42
2022-08-24 02:07,166,22.6,3.03,-42
2022-08-24 02:12,167,22.6,3.03,-42
2022-08-24 02:17,168,22.7,3.03,-42
2022-08-24 02:22,169,22.7,3.02,-41
2022-08-24 02:27,170,22.7,3.03,-41
2022-08-24 02:32,171,22.7,3.03,-41
2022-08-24 02:37,172,22.7,3.02,-40
2022-08-24 02:42,173,22.7,3.03,-41
2022-08-24 02:47,174,22.7,3.03,-40
2022-08-24 02:52,175,22.4,3.03,-41
2022-08-24 02:57,176,22.5,3.03,-39
2022-08-24 03:02,177,22.6,3.03,-41
2022-08-24 03:07,178,22.6,3.03,-42
2022-08-24 03:12,179,22.6,3.03,-40
2022-08-24 03:17,180,22.6,3.03,-42
2022-08-24 03:22,181,22.5,3.03,-42
2022-08-24 03:27,182,22.5,3.04,-42
2022-08-24 03:32,183,22.5,3.03,-40
2022-08-24 03:37,184,22.5,3.03,-43
2022-08-24 03:42,185,22.5,3.03,-37
2022-08-24 03:47,186,22.5,3.03,-37
2022-08-24 03:52,187,22.5,3.03,-43
2022-08-24 03:57,188,22.5,3.03,-43
2022-08-24 04:02,189,22.5,3.03,-42
2022-08-24 04:07,190,22.5,3.03,-43
2022-08-24 04:11,191,22.5,3.02,-42
2022-08-24 04:16,192,22.3,3.03,-40
2022-08-24 04:21,193,22.3,3.03,-40
2022-08-24 04:26,194,22.4,3.04,-42
2022-08-24 04:31,195,22.4,3.03,-41
2022-08-24 04:36,196,22.4,3.03,-42
2022-08-24 04:41,197,22.4,3.03,-40
2022-08-24 04:46,198,22.4,3.03,-42
2022-08-24 04:51,199,22.4,3.03,-43
2022-08-24 04:56,200,22.4,3.03,-42
2022-08-24 05:01,201,22.4,3.03,-45
2022-08-24 05:06,202,22.4,3.03,-41
2022-08-24 05:11,203,22.4,3.04,-42
2022-08-24 05:16,204,22.4,3.03,-41
2022-08-24 05:21,205,22.4,3.03,-42
2022-08-24 05:26,206,22.4,3.03,-40
2022-08-24 05:31,207,22.4,3.03,-39
2022-08-24 05:36,208,22.3,3.03,-42
2022-08-24 05:41,209,22.3,3.04,-38
2022-08-24 05:46,210,22.3,3.03,-43
2022-08-24 05:51,211,22.3,3.02,-44
2022-08-24 05:56,212,22.3,3.03,-41
2022-08-24 06:01,213,22.3,3.03,-40
2022-08-24 06:06,214,22.3,3.03,-41
2022-08-24 06:11,215,22.3,3.03,-42
2022-08-24 06:16,216,22.3,3.03,-42
2022-08-24 06:21,217,22.3,3.03,-40
2022-08-24 06:26,218,22.2,3.03,-39
2022-08-24 06:31,219,22.3,3.03,-42
2022-08-24 06:36,220,22.2,3.03,-39
2022-08-24 06:41,221,22.3,3.03,-37
2022-08-24 06:46,222,22.2,3.03,-40
2022-08-24 06:51,223,22.2,3.04,-41
2022-08-24 06:56,224,22.2,3.03,-40
2022-08-24 07:01,225,22.2,3.03,-37
2022-08-24 07:06,226,22.2,3.03,-41
2022-08-24 07:11,227,22.2,3.03,-42
2022-08-24 07:16,228,22.2,3.03,-38
2022-08-24 07:21,229,22.1,3.03,-43
2022-08-24 07:26,230,22.1,3.03,-41
2022-08-24 07:31,231,22.1,3.03,-37
2022-08-24 07:36,232,22.1,3.03,-42
2022-08-24 07:40,233,22.1,3.03,-41
2022-08-24 07:45,234,22.1,3.03,-39
2022-08-24 07:50,235,22.1,3.03,-39
2022-08-24 07:55,236,22.1,3.03,-41
2022-08-24 08:00,237,22.1,3.03,-41
2022-08-24 08:05,238,22.1,3.03,-39
2022-08-24 08:10,239,22.1,3.02,-41
2022-08-24 08:15,240,22.1,3.04,-38
2022-08-24 08:20,241,22.1,3.03,-41
2022-08-24 08:25,242,22.1,3.03,-41
2022-08-24 08:30,243,22.1,3.02,-42
2022-08-24 08:35,244,22.1,3.03,-41
2022-08-24 08:40,245,22.1,3.03,-40
2022-08-24 08:45,246,22.1,3.03,-42
2022-08-24 08:50,247,22.1,3.03,-40
2022-08-24 08:55,248,22.1,3.03,-42
2022-08-24 09:00,249,22.1,3.04,-40
2022-08-24 09:05,250,22.3,3.03,-48
2022-08-24 09:10,251,22.5,3.03,-41
2022-08-24 09:15,252,22.5,3.03,-48
2022-08-24 09:20,253,22.7,3.03,-47
2022-08-24 09:25,254,22.8,3.03,-41
2022-08-24 09:30,255,22.8,3.03,-49
2022-08-24 09:35,256,22.9,3.03,-45
2022-08-24 09:40,257,23.0,3.03,-43
2022-08-24 09:45,258,23.1,3.02,-49
2022-08-24 09:50,259,23.2,3.03,-48
2022-08-24 09:55,260,23.2,3.03,-46
2022-08-24 10:00,261,23.3,3.02,-46
2022-08-24 10:05,262,23.2,3.03,-47
2022-08-24 10:10,263,23.2,3.03,-54
2022-08-24 10:15,264,23.5,3.03,-46
2022-08-24 10:20,265,23.5,3.03,-44
2022-08-24 10:25,266,23.7,3.02,-45
2022-08-24 10:30,267,23.8,3.03,-47
2022-08-24 10:35,268,23.8,3.04,-47
2022-08-24 10:40,269,23.9,3.03,-46
2022-08-24 10:45,270,23.9,3.03,-51
2022-08-24 10:50,271,24.1,3.03,-45
2022-08-24 10:55,272,24.0,3.03,-46
2022-08-24 11:00,273,24.0,3.02,-42
2022-08-24 11:05,274,23.9,3.03,-45
2022-08-24 11:10,275,23.9,3.03,-47
2022-08-24 11:14,276,23.9,3.03,-48
2022-08-24 11:19,277,23.9,3.03,-43
2022-08-24 11:24,278,24.0,3.03,-47
2022-08-24 11:29,279,24.0,3.03,-50
2022-08-24 11:34,280,23.9,3.03,-54
2022-08-24 11:39,281,23.9,3.03,-50
2022-08-24 11:44,282,23.9,3.03,-47
2022-08-24 11:49,283,23.9,3.03,-52
2022-08-24 11:54,284,23.9,3.03,-45
2022-08-24 11:59,285,23.8,3.03,-46
2022-08-24 12:04,286,23.7,3.03,-46
2022-08-24 12:09,287,23.8,3.03,-46
2022-08-24 12:14,288,23.9,3.02,-43
2022-08-24 12:19,289,24.0,3.02,-41
2022-08-24 12:24,290,23.9,3.03,-47
2022-08-24 12:29,291,23.8,3.03,-48
2022-08-24 12:34,292,23.9,3.03,-47
2022-08-24 12:39,293,23.9,3.03,-47
2022-08-24 12:44,294,23.9,3.03,-47
2022-08-24 12:49,295,23.9,3.03,-46
2022-08-24 12:54,296,23.8,3.03,-46
2022-08-24 12:59,297,23.9,3.03,-47
2022-08-24 13:04,298,24.0,3.03,-46
2022-08-24 13:09,299,24.0,3.03,-46
2022-08-24 13:14,300,23.9,3.03,-47
2022-08-24 13:19,301,23.9,3.03,-47
2022-08-24 13:24,302,24.0,3.03,-47
2022-08-24 13:29,303,24.0,3.03,-47
2022-08-24 13:34,304,24.0,3.03,-46
2022-08-24 13:39,305,23.9,3.03,-47
2022-08-24 13:44,306,23.9,3.03,-47
2022-08-24 13:49,307,24.0,3.03,-47
2022-08-24 13:54,308,24.0,3.03,-47
2022-08-24 13:59,309,23.9,3.03,-48
2022-08-24 14:04,310,23.8,3.03,-47
2022-08-24 14:09,311,24.0,3.03,-47
2022-08-24 14:14,312,24.0,3.03,-48
2022-08-24 14:19,313,24.1,3.03,-47
2022-08-24 14:24,314,24.0,3.03,-49
2022-08-24 14:29,315,24.1,3.03,-49
2022-08-24 14:34,316,24.2,3.03,-49
2022-08-24 14:39,317,24.2,3.03,-49
2022-08-24 14:43,318,24.1,3.03,-51
2022-08-24 14:48,319,24.2,3.03,-50
2022-08-24 14:53,320,24.3,3.03,-46
2022-08-24 14:58,321,24.2,3.03,-50
2022-08-24 15:03,322,24.1,3.03,-53
2022-08-24 15:08,323,24.2,3.03,-46
2022-08-24 15:13,324,24.2,3.03,-49
2022-08-24 15:18,325,24.0,3.03,-46
2022-08-24 15:23,326,24.1,3.03,-49
2022-08-24 15:28,327,24.3,3.03,-51
2022-08-24 15:33,328,24.4,3.03,-48
2022-08-24 15:38,329,24.1,3.04,-48
2022-08-24 15:43,330,24.1,3.03,-44
2022-08-24 15:48,331,24.2,3.02,-46
2022-08-24 15:53,332,24.2,3.03,-46
2022-08-24 15:58,333,24.2,3.03,-46
2022-08-24 16:03,334,23.9,3.03,-45
2022-08-24 16:08,335,24.1,3.03,-47
2022-08-24 16:13,336,24.1,3.04,-47
2022-08-24 16:18,337,24.2,3.03,-45
2022-08-24 16:23,338,23.9,3.03,-46
2022-08-24 16:28,339,24.0,3.03,-46
2022-08-24 16:33,340,24.1,3.03,-45
2022-08-24 16:38,341,24.1,3.03,-44
2022-08-24 16:43,342,24.0,3.03,-47
2022-08-24 16:48,343,24.0,3.03,-54
2022-08-24 16:53,344,24.1,3.03,-51
2022-08-24 16:58,345,24.2,3.03,-49
2022-08-24 17:02,346,25.1,3.09,-44
2022-08-24 17:07,347,24.4,3.09,-48
2022-08-24 17:12,348,24.3,3.09,-50
2022-08-24 17:17,349,24.3,3.08,-41
2022-08-24 17:22,350,24.2,3.09,-45
2022-08-24 17:27,351,24.0,3.09,-46
2022-08-24 17:32,352,24.1,3.09,-47
2022-08-24 17:37,353,24.2,3.07,-40
2022-08-24 17:42,354,24.2,3.08,-42
2022-08-24 17:47,355,24.6,3.10,-38
2022-08-24 17:52,356,24.8,3.10,-38
2022-08-24 17:57,357,25.0,3.09,-38
2022-08-24 18:02,358,25.1,3.09,-37
2022-08-24 18:07,359,25.2,3.09,-38
2022-08-24 18:12,360,25.2,3.09,-39
2022-08-24 18:17,361,25.0,3.09,-38
2022-08-24 18:22,362,25.1,3.09,-39
2022-08-24 18:27,363,25.1,3.08,-38
2022-08-24 18:32,364,25.1,3.09,-38
2022-08-24 18:37,365,24.9,3.08,-37
2022-08-24 18:42,366,24.8,3.09,-39
2022-08-24 18:47,367,24.8,3.08,-39
2022-08-24 18:52,368,24.7,3.08,-36
2022-08-24 18:57,369,24.7,3.08,-37
2022-08-24 19:02,370,24.6,3.08,-38
2022-08-24 19:07,371,24.4,3.08,-37
2022-08-24 19:11,372,24.4,3.08,-37
2022-08-24 19:16,373,24.4,3.08,-39
2022-08-24 19:21,374,24.3,3.08,-37
2022-08-24 19:26,375,24.3,3.08,-39
2022-08-24 19:31,376,24.2,3.08,-39
2022-08-24 19:36,377,24.0,3.08,-39
2022-08-24 19:41,378,24.0,3.07,-39
2022-08-24 19:46,379,24.0,3.08,-39
2022-08-24 19:51,380,24.0,3.08,-38
2022-08-24 19:56,381,24.0,3.08,-36
2022-08-24 20:01,382,23.9,3.08,-38
2022-08-24 20:06,383,23.8,3.08,-39
2022-08-24 20:11,384,23.8,3.08,-36
2022-08-24 20:16,385,23.7,3.07,-37
2022-08-24 20:21,386,23.7,3.08,-37
2022-08-24 20:26,387,23.7,3.04,-36
2022-08-24 20:31,388,23.6,3.08,-39
2022-08-24 20:36,389,23.6,3.08,-35
2022-08-24 20:41,390,23.5,3.08,-36
2022-08-24 20:46,391,23.5,3.07,-39
2022-08-24 20:51,392,23.4,3.08,-38
2022-08-24 20:56,393,23.4,3.08,-39
2022-08-24 21:01,394,23.4,3.08,-38
2022-08-24 21:06,395,23.4,3.08,-38
2022-08-24 21:11,396,23.3,3.07,-38
2022-08-24 21:16,397,23.2,3.07,-40
2022-08-24 21:21,398,23.2,3.07,-38
2022-08-24 21:26,399,23.2,3.07,-36
2022-08-24 21:31,400,23.1,3.08,-37
2022-08-24 21:36,401,23.1,3.08,-39
2022-08-24 21:41,402,23.0,3.06,-37
2022-08-24 21:46,403,23.0,3.07,-39
2022-08-24 21:51,404,22.9,3.06,-39
2022-08-24 21:56,405,22.8,3.07,-36
2022-08-24 22:01,406,22.8,3.08,-38
2022-08-24 22:06,407,22.7,3.08,-36
2022-08-24 22:11,408,22.7,3.07,-37
2022-08-24 22:16,409,22.7,3.08,-39
2022-08-24 22:21,410,22.6,3.08,-36
2022-08-24 22:26,411,22.6,3.07,-38
2022-08-24 22:31,412,22.6,3.07,-36
2022-08-24 22:36,413,22.5,3.08,-39
2022-08-24 22:40,414,22.5,3.08,-37
2022-08-24 22:45,415,22.5,3.07,-36
2022-08-24 22:50,416,22.4,3.06,-37
2022-08-24 22:55,417,22.4,3.07,-39
2022-08-24 23:00,418,22.4,3.07,-39
2022-08-24 23:05,419,22.4,3.06,-39
2022-08-24 23:10,420,22.4,3.08,-37
2022-08-24 23:15,421,22.4,3.07,-39
2022-08-24 23:20,422,22.3,3.04,-39
2022-08-24 23:25,423,22.3,3.07,-38
2022-08-24 23:30,424,22.3,3.07,-39
2022-08-24 23:35,425,22.3,3.07,-36
2022-08-24 23:40,426,22.3,3.07,-38
2022-08-24 23:45,427,22.2,3.06,-39
2022-08-24 23:50,428,22.2,3.07,-39
2022-08-24 23:55,429,22.2,3.06,-39
2022-08-25 00:00,430,22.2,3.08,-36
2022-08-25 00:05,431,22.2,3.07,-39
2022-08-25 00:10,432,22.2,3.06,-37
2022-08-25 00:15,433,22.1,3.07,-39
2022-08-25 00:20,434,22.1,3.06,-36
2022-08-25 00:25,435,22.1,3.06,-37
2022-08-25 00:30,436,22.0,3.06,-37
2022-08-25 00:35,437,22.0,3.06,-36
2022-08-25 00:40,438,22.0,3.07,-37
2022-08-25 00:45,439,21.9,3.07,-38
2022-08-25 00:50,440,21.9,3.06,-36
2022-08-25 00:55,441,21.9,3.07,-38
2022-08-25 01:00,442,21.8,3.07,-38
2022-08-25 01:05,443,21.8,3.06,-35
2022-08-25 01:10,444,21.8,3.07,-39
2022-08-25 01:15,445,21.8,3.06,-39
2022-08-25 01:20,446,21.7,3.06,-37
2022-08-25 01:25,447,21.7,3.06,-39
2022-08-25 01:30,448,21.7,3.06,-39
2022-08-25 01:35,449,21.6,3.06,-35
2022-08-25 01:40,450,21.6,3.05,-39
2022-08-25 01:45,451,21.6,3.06,-37
2022-08-25 01:50,452,21.5,3.05,-39
2022-08-25 01:55,453,21.5,3.05,-39
2022-08-25 02:00,454,21.5,3.05,-40
2022-08-25 02:05,455,21.4,3.05,-39
2022-08-25 02:10,456,21.4,3.06,-38
2022-08-25 02:15,457,21.4,3.06,-38
2022-08-25 02:19,458,21.3,3.06,-39
2022-08-25 02:24,459,21.3,3.05,-39
2022-08-25 02:29,460,21.3,3.05,-39
2022-08-25 02:34,461,21.3,3.06,-38
2022-08-25 02:39,462,21.2,3.05,-39
2022-08-25 02:44,463,21.2,3.05,-36
2022-08-25 02:49,464,21.2,3.06,-39
2022-08-25 02:54,465,21.2,3.05,-38
2022-08-25 02:59,466,21.2,3.05,-38
2022-08-25 03:04,467,21.2,3.06,-38
2022-08-25 03:09,468,21.1,3.06,-39
2022-08-25 03:14,469,21.1,3.05,-39
2022-08-25 03:19,470,21.1,3.05,-38
2022-08-25 03:24,471,21.1,3.05,-36
2022-08-25 03:29,472,21.1,3.06,-37
2022-08-25 03:34,473,21.1,3.06,-38
2022-08-25 03:39,474,21.1,3.05,-36
2022-08-25 03:44,475,21.1,3.05,-37
2022-08-25 03:49,476,21.0,3.05,-38
2022-08-25 03:54,477,21.0,3.04,-38
2022-08-25 03:59,478,21.0,3.05,-39
2022-08-25 04:04,479,21.0,3.05,-38
2022-08-25 04:09,480,21.0,3.05,-36
2022-08-25 04:14,481,21.0,3.05,-35
2022-08-25 04:19,482,21.0,3.04,-39
2022-08-25 04:24,483,21.0,3.05,-39
2022-08-25 04:29,484,20.9,3.05,-37
2022-08-25 04:34,485,20.9,3.05,-37
2022-08-25 04:39,486,20.9,3.05,-39
2022-08-25 04:44,487,20.9,3.04,-39
2022-08-25 04:49,488,20.9,3.04,-37
2022-08-25 04:54,489,20.9,3.05,-39
2022-08-25 04:59,490,20.8,3.05,-36
2022-08-25 05:04,491,20.8,3.04,-38
2022-08-25 05:09,492,20.8,3.04,-38
2022-08-25 05:14,493,20.8,3.05,-35
2022-08-25 05:19,494,20.8,3.05,-41
2022-08-25 05:24,495,20.7,3.05,-39
2022-08-25 05:29,496,20.7,3.05,-39
2022-08-25 05:34,497,20.7,3.05,-37
2022-08-25 05:39,498,20.7,3.04,-38
2022-08-25 05:44,499,20.7,3.05,-37
2022-08-25 05:48,500,20.6,3.05,-36
2022-08-25 05:53,501,20.6,3.04,-37
2022-08-25 05:58,502,20.6,3.04,-37
2022-08-25 06:03,503,20.6,3.05,-37
2022-08-25 06:08,504,20.6,3.05,-38
2022-08-25 06:13,505,20.6,3.04,-37
2022-08-25 06:18,506,20.6,3.05,-39
2022-08-25 06:23,507,20.5,3.04,-38
2022-08-25 06:28,508,20.5,3.04,-37
2022-08-25 06:33,509,20.5,3.05,-39
2022-08-25 06:38,510,20.5,3.04,-37
2022-08-25 06:43,511,20.5,3.04,-39
2022-08-25 06:48,512,20.5,3.03,-40
2022-08-25 06:53,513,20.5,3.04,-39
2022-08-25 06:58,514,20.5,3.04,-39
2022-08-25 07:03,515,20.4,3.04,-38
2022-08-25 07:08,516,20.4,3.05,-38
2022-08-25 07:13,517,20.4,3.05,-38
2022-08-25 07:18,518,20.4,3.04,-38
2022-08-25 07:23,519,20.4,3.04,-37
2022-08-25 07:28,520,20.4,3.04,-38
2022-08-25 07:33,521,20.4,3.04,-39
2022-08-25 07:38,522,20.4,3.04,-39
2022-08-25 07:43,523,20.4,3.04,-38
2022-08-25 07:48,524,20.4,3.03,-38
2022-08-25 07:53,525,20.5,3.03,-39
2022-08-25 07:58,526,20.5,3.02,-38
2022-08-25 08:03,527,20.5,3.04,-39
2022-08-25 08:08,528,20.5,3.04,-38
2022-08-25 08:13,529,20.5,3.04,-35
2022-08-25 08:18,530,20.6,3.03,-35
2022-08-25 08:23,531,20.6,3.04,-37
2022-08-25 08:28,532,20.6,3.03,-35
2022-08-25 08:33,533,20.7,3.04,-40
2022-08-25 08:38,534,20.8,3.04,-38
2022-08-25 08:43,535,20.9,3.03,-40
2022-08-25 08:48,536,21.0,3.03,-38
2022-08-25 08:53,537,21.1,3.03,-41
2022-08-25 08:58,538,21.2,3.04,-40
2022-08-25 09:03,539,21.2,3.04,-40
2022-08-25 09:08,540,21.3,3.03,-41
2022-08-25 09:13,541,21.3,3.03,-39
2022-08-25 09:18,542,21.4,3.04,-39
2022-08-25 09:23,543,21.5,3.03,-38
2022-08-25 09:27,544,21.5,3.03,-40
2022-08-25 09:32,545,21.6,3.04,-38
2022-08-25 09:37,546,21.7,3.04,-38
2022-08-25 09:42,547,21.7,3.03,-37
2022-08-25 09:47,548,21.8,3.03,-38
2022-08-25 09:52,549,21.8,3.04,-39
2022-08-25 09:57,550,21.9,3.03,-37
2022-08-25 10:02,551,22.0,3.04,-40
2022-08-25 10:07,552,22.0,3.04,-40
2022-08-25 10:12,553,22.1,3.03,-40
2022-08-25 10:17,554,22.2,3.02,-39
2022-08-25 10:22,555,22.3,3.04,-39
2022-08-25 10:27,556,22.4,3.03,-39
2022-08-25 10:32,557,22.5,3.03,-42
2022-08-25 10:37,558,22.5,3.03,-39
2022-08-25 10:42,559,22.6,3.03,-39
2022-08-25 10:47,560,22.7,3.03,-39
2022-08-25 10:52,561,22.8,3.03,-41
2022-08-25 10:57,562,22.9,3.04,-38
2022-08-25 11:02,563,23.0,3.03,-39
2022-08-25 11:07,564,23.1,3.03,-40
2022-08-25 11:12,565,23.2,3.03,-36
2022-08-25 11:17,566,23.3,3.03,-39
2022-08-25 11:22,567,23.3,3.03,-41
2022-08-25 11:27,568,23.4,3.04,-41
2022-08-25 11:32,569,23.5,3.03,-40
2022-08-25 11:37,570,23.6,3.03,-39
2022-08-25 11:42,571,23.6,3.03,-37
2022-08-25 11:47,572,23.7,3.02,-39
2022-08-25 11:52,573,23.7,3.03,-39
2022-08-25 11:57,574,23.7,3.03,-39
2022-08-25 12:02,575,23.8,3.03,-39
2022-08-25 12:07,576,23.9,3.03,-43
2022-08-25 12:12,577,24.0,3.03,-42
2022-08-25 12:17,578,24.0,3.01,-37
2022-08-25 12:22,579,24.1,3.03,-37
2022-08-25 12:27,580,24.1,3.02,-38
2022-08-25 12:32,581,24.2,3.03,-41
2022-08-25 12:37,582,24.3,3.03,-39
2022-08-25 12:42,583,24.4,3.02,-40
2022-08-25 12:47,584,24.5,3.03,-40
2022-08-25 12:52,585,24.4,3.03,-39
2022-08-25 12:57,586,24.5,3.03,-40
2022-08-25 13:01,587,24.7,3.03,-40
2022-08-25 13:06,588,24.7,3.03,-40
2022-08-25 13:11,589,24.8,3.02,-37
2022-08-25 13:16,590,24.8,3.02,-38
2022-08-25 13:21,591,24.8,3.03,-40
2022-08-25 13:26,592,24.9,3.02,-38
2022-08-25 13:31,593,24.9,3.03,-41
2022-08-25 13:36,594,24.9,3.03,-42
2022-08-25 13:41,595,24.9,3.02,-40
2022-08-25 13:46,596,25.0,3.03,-40
2022-08-25 13:51,597,25.1,3.02,-39
2022-08-25 13:56,598,25.2,3.02,-39
2022-08-25 14:01,599,25.2,3.02,-39
2022-08-25 14:06,600,25.4,3.03,-43
2022-08-25 14:11,601,25.7,3.03,-38
2022-08-25 14:16,602,26.0,3.03,-37
2022-08-25 14:21,603,26.0,3.03,-40
2022-08-25 14:26,604,26.4,3.02,-40
2022-08-25 14:31,605,26.7,3.03,-43
2022-08-25 14:36,606,26.8,3.03,-41
2022-08-25 14:41,607,27.0,3.03,-40
2022-08-25 14:46,608,27.3,3.03,-39
2022-08-25 14:51,609,27.5,3.03,-37
2022-08-25 14:56,610,27.6,3.02,-41
2022-08-25 15:01,611,28.0,3.03,-36
2022-08-25 15:06,612,28.3,3.03,-42
2022-08-25 15:11,613,28.2,3.02,-36
2022-08-25 15:16,614,28.6,3.02,-40
2022-08-25 15:21,615,28.7,3.02,-41
2022-08-25 15:26,616,28.8,3.02,-39
2022-08-25 15:31,617,29.3,3.03,-39
2022-08-25 15:36,618,29.2,3.02,-40
2022-08-25 15:41,619,29.0,3.02,-40
2022-08-25 15:46,620,29.1,3.03,-36
2022-08-25 15:51,621,28.5,3.02,-39
2022-08-25 15:56,622,28.5,3.03,-41
2022-08-25 16:01,623,28.5,3.02,-52
2022-08-25 16:06,624,28.0,3.02,-50
2022-08-25 16:11,625,28.0,3.03,-52
2022-08-25 16:16,626,28.0,3.02,-50
2022-08-25 16:21,627,27.6,3.02,-49
2022-08-25 16:26,628,27.7,3.03,-51
2022-08-25 16:31,629,27.7,3.03,-49
2022-08-25 16:35,630,27.5,3.03,-49
2022-08-25 16:40,631,27.4,3.03,-51
2022-08-25 16:45,632,27.4,3.03,-47
2022-08-25 16:50,633,27.4,3.03,-51
2022-08-25 16:55,634,27.3,3.03,-52
2022-08-25 17:00,635,27.1,3.02,-45
2022-08-25 17:05,636,27.3,3.02,-49
2022-08-25 17:10,637,27.2,3.03,-51
2022-08-25 17:15,638,26.8,3.03,-51
2022-08-25 17:20,639,27.0,3.02,-46
2022-08-25 17:25,640,27.0,3.02,-44
2022-08-25 17:30,641,26.9,3.03,-44
2022-08-25 17:35,642,26.6,3.02,-47
2022-08-25 17:40,643,26.5,3.02,-45
2022-08-25 17:45,644,26.4,3.02,-46
2022-08-25 17:50,645,26.4,3.02,-44
2022-08-25 17:55,646,26.2,3.02,-45
2022-08-25 18:00,647,26.0,3.03,-46
2022-08-25 18:05,648,25.9,3.02,-44
2022-08-25 18:10,649,25.8,3.02,-45
2022-08-25 18:15,650,25.7,3.02,-43
2022-08-25 18:20,651,25.7,3.02,-45
2022-08-25 18:25,652,25.4,3.02,-48
2022-08-25 18:30,653,25.4,3.03,-46
2022-08-25 18:35,654,25.4,3.02,-44
2022-08-25 18:40,655,25.3,3.02,-43
2022-08-25 18:45,656,25.3,3.03,-44
2022-08-25 18:50,657,25.1,3.02,-46
2022-08-25 18:55,658,24.9,3.02,-45
2022-08-25 19:00,659,24.9,3.02,-45
2022-08-25 19:05,660,24.8,3.02,-44
2022-08-25 19:10,661,24.7,3.02,-44
2022-08-25 19:15,662,24.7,3.02,-45
2022-08-25 19:20,663,24.5,3.02,-42
2022-08-25 19:25,664,24.5,3.02,-45
2022-08-25 19:30,665,24.4,3.02,-45
2022-08-25 19:35,666,24.3,3.02,-43
2022-08-25 19:40,667,24.2,3.02,-46
2022-08-25 19:45,668,24.1,3.02,-44
2022-08-25 19:50,669,24.0,3.02,-45
2022-08-25 19:55,670,23.9,3.02,-44
2022-08-25 19:59,671,23.8,3.02,-44
2022-08-25 20:04,672,23.8,3.02,-45
2022-08-25 20:09,673,23.7,3.02,-45
2022-08-25 20:14,674,23.6,3.02,-45
2022-08-25 20:19,675,23.6,3.02,-43
2022-08-25 20:24,676,23.4,3.02,-44
2022-08-25 20:29,677,23.4,3.02,-43
2022-08-25 20:34,678,23.3,3.02,-43
2022-08-25 20:39,679,23.3,3.02,-43
2022-08-25 20:44,680,23.2,3.02,-43
2022-08-25 20:49,681,23.1,3.01,-46
2022-08-25 20:54,682,23.1,3.02,-45
2022-08-25 20:59,683,23.0,3.02,-43
2022-08-25 21:04,684,23.0,3.01,-43
2022-08-25 21:09,685,22.9,3.00,-44
2022-08-25 21:14,686,22.8,3.02,-45
2022-08-25 21:19,687,22.8,3.02,-45
2022-08-25 21:24,688,22.7,3.02,-45
2022-08-25 21:29,689,22.6,3.02,-43
2022-08-25 21:34,690,22.6,3.02,-45
2022-08-25 21:39,691,22.5,3.02,-44
2022-08-25 21:44,692,22.5,3.00,-43
2022-08-25 21:49,693,22.4,3.02,-45
2022-08-25 21:54,694,22.3,3.01,-45
2022-08-25 21:59,695,22.3,3.02,-45
2022-08-25 22:04,696,22.2,3.01,-46
2022-08-25 22:09,697,22.2,3.01,-43
2022-08-25 22:14,698,22.1,3.01,-45
2022-08-25 22:19,699,22.1,3.02,-45
2022-08-25 22:24,700,22.0,3.02,-47
2022-08-25 22:29,701,22.0,3.02,-45
2022-08-25 22:34,702,22.0,3.02,-44
2022-08-25 22:39,703,21.9,3.02,-40
2022-08-25 22:44,704,21.9,3.02,-43
2022-08-25 22:49,705,21.9,3.01,-43
2022-08-25 22:54,706,21.8,3.01,-45
2022-08-25 22:59,707,21.8,3.02,-43
2022-08-25 23:04,708,21.7,3.01,-42
2022-08-25 23:09,709,21.7,3.01,-42
2022-08-25 23:14,710,21.7,3.01,-44
2022-08-25 23:19,711,21.6,3.01,-46
2022-08-25 23:24,712,21.6,3.01,-44
2022-08-25 23:28,713,21.5,3.01,-44
2022-08-25 23:33,714,21.5,3.02,-45
2022-08-25 23:38,715,21.5,3.01,-44
2022-08-25 23:43,716,21.4,3.01,-46
2022-08-25 23:48,717,21.4,3.01,-45
2022-08-25 23:53,718,21.4,3.00,-44
2022-08-25 23:58,719,21.4,3.01,-44
2022-08-26 00:03,720,21.3,3.01,-44
2022-08-26 00:08,721,21.3,3.02,-43
2022-08-26 00:13,722,21.3,3.00,-45
2022-08-26 00:18,723,21.3,3.01,-45
2022-08-26 00:23,724,21.3,3.01,-45
2022-08-26 00:28,725,21.3,3.02,-46
2022-08-26 00:33,726,21.2,3.02,-45
2022-08-26 00:38,727,21.2,3.02,-45
2022-08-26 00:43,728,21.2,3.01,-45
2022-08-26 00:48,729,21.2,3.01,-43
2022-08-26 00:53,730,21.2,3.01,-44
2022-08-26 00:58,731,21.2,3.01,-42
2022-08-26 01:03,732,21.2,3.01,-45
2022-08-26 01:08,733,21.1,3.02,-44
2022-08-26 01:13,734,21.1,3.01,-41
2022-08-26 01:18,735,21.1,3.01,-45
2022-08-26 01:23,736,21.0,3.01,-43
2022-08-26 01:28,737,21.0,3.00,-42
2022-08-26 01:33,738,21.0,3.00,-43
2022-08-26 01:38,739,21.0,3.01,-43
2022-08-26 01:43,740,20.9,3.01,-42
2022-08-26 01:48,741,20.9,3.01,-43
2022-08-26 01:53,742,20.9,3.00,-43
2022-08-26 01:58,743,20.8,3.01,-44
2022-08-26 02:03,744,20.8,3.00,-39
2022-08-26 02:08,745,20.8,3.02,-44
2022-08-26 02:13,746,20.8,3.01,-43
2022-08-26 02:18,747,20.8,3.00,-45
2022-08-26 02:23,748,20.7,3.01,-46
2022-08-26 02:28,749,20.8,3.00,-40
2022-08-26 02:33,750,20.8,3.00,-45
2022-08-26 02:38,751,20.8,3.00,-42
2022-08-26 02:43,752,20.8,3.00,-42
2022-08-26 02:48,753,20.7,3.01,-42
2022-08-26 02:53,754,20.7,3.00,-39
2022-08-26 02:58,755,20.7,3.01,-43
2022-08-26 03:02,756,20.7,3.00,-41
2022-08-26 03:07,757,20.7,3.00,-43
2022-08-26 03:12,758,20.6,3.00,-43
2022-08-26 03:17,759,20.6,3.01,-43
2022-08-26 03:22,760,20.6,3.00,-44
2022-08-26 03:27,761,20.6,3.01,-43
2022-08-26 03:32,762,20.5,3.01,-44
2022-08-26 03:37,763,20.5,3.01,-45
2022-08-26 03:42,764,20.5,3.01,-39
2022-08-26 03:47,765,20.5,3.01,-42
2022-08-26 03:52,766,20.5,3.01,-43
2022-08-26 03:57,767,20.4,3.01,-42
2022-08-26 04:02,768,20.4,3.01,-45
2022-08-26 04:07,769,20.4,3.01,-45
2022-08-26 04:12,770,20.4,3.01,-44
2022-08-26 04:17,771,20.3,2.99,-44
2022-08-26 04:22,772,20.3,3.00,-42
2022-08-26 04:27,773,20.3,3.01,-43
2022-08-26 04:32,774,20.3,3.00,-44
2022-08-26 04:37,775,20.3,3.01,-44
2022-08-26 04:42,776,20.3,3.00,-43
2022-08-26 04:47,777,20.3,3.01,-43
2022-08-26 04:52,778,20.3,3.00,-47
2022-08-26 04:57,779,20.2,3.00,-41
2022-08-26 05:02,780,20.2,3.00,-43
2022-08-26 05:07,781,20.2,3.01,-39
2022-08-26 05:12,782,20.2,3.01,-42
2022-08-26 05:17,783,20.2,3.00,-44
2022-08-26 05:22,784,20.2,3.01,-42
2022-08-26 05:27,785,20.2,3.01,-40
2022-08-26 05:32,786,20.1,3.00,-43
2022-08-26 05:37,787,20.1,3.01,-42
2022-08-26 05:42,788,20.1,3.01,-42
2022-08-26 05:47,789,20.1,3.01,-45
2022-08-26 05:52,790,20.1,3.00,-43
2022-08-26 05:57,791,20.1,3.01,-42
2022-08-26 06:02,792,20.1,3.00,-44
2022-08-26 06:07,793,20.1,3.00,-45
2022-08-26 06:12,794,20.0,3.00,-43
2022-08-26 06:17,795,20.0,3.00,-42
2022-08-26 06:22,796,20.0,3.00,-42
2022-08-26 06:27,797,20.0,2.99,-44
2022-08-26 06:32,798,20.0,3.01,-44
2022-08-26 06:36,799,20.0,2.99,-43
2022-08-26 06:41,800,20.0,2.99,-40
2022-08-26 06:46,801,20.0,3.01,-44
2022-08-26 06:51,802,20.0,3.00,-42
2022-08-26 06:56,803,19.9,3.00,-45
2022-08-26 07:01,804,20.0,3.00,-38
2022-08-26 07:06,805,20.0,3.01,-46
2022-08-26 07:11,806,20.0,3.00,-42
2022-08-26 07:16,807,20.0,3.01,-42
2022-08-26 07:21,808,20.0,2.99,-45
2022-08-26 07:26,809,20.0,3.00,-44
2022-08-26 07:31,810,20.0,3.00,-44
2022-08-26 07:36,811,20.0,2.99,-43
2022-08-26 07:41,812,20.0,2.99,-44
2022-08-26 07:46,813,20.0,3.00,-43
2022-08-26 07:51,814,20.1,2.99,-44
2022-08-26 07:56,815,20.1,2.99,-41
2022-08-26 08:01,816,20.1,3.00,-45
2022-08-26 08:06,817,20.2,2.99,-45
2022-08-26 08:11,818,20.2,3.00,-43
2022-08-26 08:16,819,20.3,3.01,-43
2022-08-26 08:21,820,20.4,3.00,-44
2022-08-26 08:26,821,20.4,2.99,-43
2022-08-26 08:31,822,20.4,3.00,-42
2022-08-26 08:36,823,20.5,3.00,-43
2022-08-26 08:41,824,20.6,3.00,-50
2022-08-26 08:46,825,20.7,2.99,-48
2022-08-26 08:51,826,20.8,3.00,-48
2022-08-26 08:56,827,20.8,3.01,-46
2022-08-26 09:01,828,20.9,3.01,-49
2022-08-26 09:06,829,21.0,3.00,-48
2022-08-26 09:11,830,21.1,3.00,-49
2022-08-26 09:16,831,21.1,3.00,-47
2022-08-26 09:21,832,21.2,3.01,-50
2022-08-26 09:26,833,21.2,2.99,-46
2022-08-26 09:31,834,21.3,3.01,-48
2022-08-26 09:36,835,21.3,2.99,-51
2022-08-26 09:41,836,21.4,3.00,-47
2022-08-26 09:51,837,21.5,3.00,-49
2022-08-26 09:56,838,21.5,3.00,-49
2022-08-26 10:01,839,21.6,3.00,-48
2022-08-26 10:06,840,21.6,3.01,-51
2022-08-26 10:10,841,21.7,3.00,-50
2022-08-26 10:15,842,21.7,2.99,-49
2022-08-26 10:20,843,21.8,2.99,-48
2022-08-26 10:25,844,21.9,2.99,-49
2022-08-26 10:30,845,21.9,3.00,-49
2022-08-26 10:35,846,22.0,2.99,-51
2022-08-26 10:40,847,22.1,2.99,-49
2022-08-26 10:45,848,22.1,2.99,-48
2022-08-26 10:50,849,22.2,2.99,-45
2022-08-26 10:55,850,22.2,3.00,-47
2022-08-26 11:00,851,22.3,3.00,-48
2022-08-26 11:05,852,22.3,3.00,-47
2022-08-26 11:10,853,22.4,3.00,-47
2022-08-26 11:15,854,22.4,3.00,-48
2022-08-26 11:20,855,22.5,3.00,-47
2022-08-26 11:25,856,22.5,3.00,-35
2022-08-26 11:30,857,22.5,3.01,-48
2022-08-26 11:35,858,22.6,3.00,-47
2022-08-26 11:40,859,22.7,2.99,-47
2022-08-26 11:45,860,22.7,3.00,-50
2022-08-26 11:50,861,22.8,2.99,-48
2022-08-26 11:55,862,22.9,2.99,-46
2022-08-26 12:00,863,23.0,2.99,-47
2022-08-26 12:05,864,23.1,3.00,-51
2022-08-26 12:10,865,23.2,3.01,-49
2022-08-26 12:15,866,23.2,2.99,-44
2022-08-26 12:20,867,23.3,3.00,-47
2022-08-26 12:25,868,23.4,2.99,-47
2022-08-26 12:30,869,23.4,3.00,-47
2022-08-26 12:35,870,23.5,3.00,-49
2022-08-26 12:40,871,23.5,2.99,-46
2022-08-26 12:45,872,23.7,3.00,-42
2022-08-26 12:50,873,23.7,3.00,-42
2022-08-26 12:55,874,23.7,3.00,-42
2022-08-26 13:00,875,23.8,2.99,-43
2022-08-26 13:05,876,23.8,3.00,-43
2022-08-26 13:10,877,23.8,3.00,-44
2022-08-26 13:15,878,23.7,2.99,-40
2022-08-26 13:20,879,23.8,2.99,-45
2022-08-26 13:25,880,23.9,3.00,-40
2022-08-26 13:30,881,24.0,2.99,-44
2022-08-26 13:35,882,24.0,3.00,-43
2022-08-26 13:40,883,24.0,3.00,-42
2022-08-26 13:45,884,23.8,2.99,-41
2022-08-26 13:49,885,23.8,3.00,-42
2022-08-26 13:54,886,23.9,2.99,-39
2022-08-26 13:59,887,24.0,3.00,-45
2022-08-26 14:04,888,24.3,3.00,-43
2022-08-26 14:09,889,24.5,3.00,-47
2022-08-26 14:14,890,24.6,3.00,-43
2022-08-26 14:19,891,24.7,2.99,-43
2022-08-26 14:24,892,24.7,3.00,-40
2022-08-26 14:29,893,24.8,2.99,-44
2022-08-26 14:34,894,24.9,3.00,-39
2022-08-26 14:39,895,25.0,2.99,-44
2022-08-26 14:44,896,25.6,3.00,-40
2022-08-26 14:49,897,25.7,2.99,-40
2022-08-26 14:54,898,26.1,2.99,-39
2022-08-26 14:59,899,26.5,3.00,-44
2022-08-26 15:04,900,26.8,3.00,-41
2022-08-26 15:09,901,26.9,3.00,-45
2022-08-26 15:14,902,27.2,2.99,-42
2022-08-26 15:19,903,27.6,3.00,-42
2022-08-26 15:24,904,27.9,2.99,-40
2022-08-26 15:29,905,27.7,3.01,-44
2022-08-26 15:34,906,28.1,3.00,-41
2022-08-26 15:39,907,28.5,3.00,-42
2022-08-26 15:44,908,28.6,3.00,-42
2022-08-26 15:49,909,28.6,3.01,-40
2022-08-26 15:54,910,28.9,3.01,-40
2022-08-26 15:59,911,29.0,3.00,-40
2022-08-26 16:04,912,29.0,3.01,-44
2022-08-26 16:09,913,29.4,3.01,-40
2022-08-26 16:14,914,29.4,3.01,-40
2022-08-26 16:19,915,29.5,3.01,-48
2022-08-26 16:24,916,29.8,3.00,-41
2022-08-26 16:29,917,29.7,3.01,-43
2022-08-26 16:34,918,30.0,3.01,-43
2022-08-26 16:39,919,30.1,3.00,-47
2022-08-26 16:44,920,30.1,3.01,-42
2022-08-26 16:49,921,30.5,3.00,-44
2022-08-26 16:54,922,30.2,3.01,-43
2022-08-26 16:59,923,30.5,3.01,-44
2022-08-26 17:04,924,30.6,3.01,-44
2022-08-26 17:09,925,30.7,3.00,-41
2022-08-26 17:14,926,30.9,3.01,-43
2022-08-26 17:19,927,30.8,3.00,-41
2022-08-26 17:24,928,31.2,3.01,-42
2022-08-26 17:28,929,30.9,3.01,-44
2022-08-26 17:33,930,31.4,3.01,-44
2022-08-26 17:38,931,31.3,3.01,-43
2022-08-26 17:43,932,31.2,3.01,-41
2022-08-26 17:48,933,31.6,3.02,-43
2022-08-26 17:53,934,31.0,3.01,-38
2022-08-26 17:58,935,31.6,3.00,-45
2022-08-26 18:03,936,31.1,3.00,-42
2022-08-26 18:08,937,31.1,3.00,-44
2022-08-26 18:13,938,31.2,3.00,-43
2022-08-26 18:18,939,31.1,3.00,-44
2022-08-26 18:23,940,31.7,3.01,-41
2022-08-26 18:28,941,31.6,3.01,-45
2022-08-26 18:33,942,31.6,3.01,-42
2022-08-26 18:38,943,31.8,3.01,-45
2022-08-26 18:43,944,31.5,3.02,-44
2022-08-26 18:48,945,31.8,3.01,-44
2022-08-26 18:53,946,31.4,3.00,-42
2022-08-26 18:58,947,31.8,3.01,-43
2022-08-26 19:03,948,31.5,3.01,-41
2022-08-26 19:08,949,31.6,3.01,-45
2022-08-26 19:13,950,31.4,3.02,-43
2022-08-26 19:18,951,31.2,3.02,-45
2022-08-26 19:23,952,31.3,3.01,-42
2022-08-26 19:28,953,30.3,3.01,-42
2022-08-26 19:33,954,30.3,3.00,-41
2022-08-26 19:38,955,30.2,3.01,-41
2022-08-26 19:43,956,29.7,3.01,-43
2022-08-26 19:48,957,29.8,3.02,-41
2022-08-26 19:53,958,29.8,3.01,-40
2022-08-26 19:58,959,29.4,3.01,-44
2022-08-26 20:03,960,29.2,3.01,-43
2022-08-26 20:08,961,29.2,3.02,-43
2022-08-26 20:13,962,29.0,2.99,-43
2022-08-26 20:18,963,28.6,3.01,-45
2022-08-26 20:23,964,28.6,3.02,-44
2022-08-26 20:28,965,28.6,3.01,-49
2022-08-26 20:33,966,28.4,3.01,-41
2022-08-26 20:38,967,28.0,3.02,-46
2022-08-26 20:43,968,28.0,3.01,-42
2022-08-26 20:48,969,28.0,3.02,-44
2022-08-26 20:53,970,27.8,3.02,-42
2022-08-26 20:57,971,27.4,3.00,-45
2022-08-26 21:02,972,27.4,3.00,-43
2022-08-26 21:07,973,27.3,3.01,-44
2022-08-26 21:12,974,27.3,3.02,-40
2022-08-26 21:17,975,26.9,3.02,-43
2022-08-26 21:22,976,26.8,3.00,-45
2022-08-26 21:27,977,26.7,3.01,-43
2022-08-26 21:32,978,26.6,2.99,-42
2022-08-26 21:37,979,26.4,3.02,-43
2022-08-26 21:42,980,26.2,3.01,-44
2022-08-26 21:47,981,26.2,2.99,-42
2022-08-26 21:52,982,26.1,3.01,-44
2022-08-26 21:57,983,26.0,3.01,-43
2022-08-26 22:02,984,25.8,3.01,-42
2022-08-26 22:07,985,25.5,3.01,-43
2022-08-26 22:12,986,25.5,3.01,-42
2022-08-26 22:17,987,25.5,3.02,-41
2022-08-26 22:22,988,25.4,3.01,-41
2022-08-26 22:27,989,25.4,3.01,-46
2022-08-26 22:32,990,25.1,3.01,-43
2022-08-26 22:37,991,25.0,3.01,-41
2022-08-26 22:42,992,25.0,3.01,-43
2022-08-26 22:47,993,24.9,3.01,-43
2022-08-26 22:52,994,24.8,3.01,-44
2022-08-26 22:57,995,24.7,3.02,-47
2022-08-26 23:02,996,24.5,3.00,-42
2022-08-26 23:07,997,24.5,3.02,-43
2022-08-26 23:12,998,24.4,3.01,-42
2022-08-26 23:17,999,24.3,3.01,-42
2022-08-26 23:22,1000,24.2,3.01,-44
2022-08-26 23:27,1001,24.2,3.02,-45
2022-08-26 23:32,1002,24.0,3.02,-43
2022-08-26 23:37,1003,24.0,3.02,-42
2022-08-26 23:42,1004,23.9,3.01,-42
2022-08-26 23:47,1005,23.8,3.02,-44
2022-08-26 23:52,1006,23.7,3.00,-44
2022-08-26 23:57,1007,23.6,3.02,-43
2022-08-27 00:02,1008,23.6,3.01,-40
2022-08-27 00:07,1009,23.5,3.01,-41
2022-08-27 00:12,1010,23.4,3.01,-40
2022-08-27 00:17,1011,23.3,3.01,-45
2022-08-27 00:21,1012,23.3,3.01,-42
2022-08-27 00:26,1013,23.2,3.01,-45
2022-08-27 00:31,1014,23.1,3.01,-40
2022-08-27 00:36,1015,23.1,3.01,-42
2022-08-27 00:41,1016,23.0,3.01,-42
2022-08-27 00:46,1017,22.9,3.01,-40
2022-08-27 00:51,1018,22.9,3.01,-40
2022-08-27 00:56,1019,22.8,3.01,-42
2022-08-27 01:01,1020,22.7,3.01,-38
2022-08-27 01:06,1021,22.6,3.00,-43
2022-08-27 01:11,1022,22.5,3.00,-39
2022-08-27 01:16,1023,22.5,3.01,-43
2022-08-27 01:21,1024,22.4,3.00,-39
2022-08-27 01:26,1025,22.3,3.00,-42
2022-08-27 01:31,1026,22.2,3.00,-43
2022-08-27 01:36,1027,22.2,3.00,-42
2022-08-27 01:41,1028,22.1,3.00,-42
2022-08-27 01:46,1029,22.0,3.01,-40
2022-08-27 01:51,1030,21.9,3.01,-43
2022-08-27 01:56,1031,21.9,2.99,-42
2022-08-27 02:01,1032,21.8,3.00,-44
2022-08-27 02:06,1033,21.8,3.00,-44
2022-08-27 02:11,1034,21.7,3.00,-38
2022-08-27 02:16,1035,21.6,3.00,-41
2022-08-27 02:21,1036,21.6,3.01,-42
2022-08-27 02:26,1037,21.5,3.00,-42
2022-08-27 02:31,1038,21.5,3.00,-40
2022-08-27 02:36,1039,21.4,3.01,-44
2022-08-27 02:41,1040,21.4,3.01,-39
2022-08-27 02:46,1041,21.3,3.01,-43
2022-08-27 02:51,1042,21.3,2.98,-43
2022-08-27 02:56,1043,21.2,3.01,-42
2022-08-27 03:01,1044,21.2,3.00,-39
2022-08-27 03:06,1045,21.1,3.01,-43
2022-08-27 03:11,1046,21.1,2.99,-43
2022-08-27 03:16,1047,21.0,3.01,-44
2022-08-27 03:21,1048,21.0,3.01,-38
2022-08-27 03:26,1049,21.0,3.00,-42
2022-08-27 03:31,1050,20.9,2.99,-39
2022-08-27 03:36,1051,20.9,3.00,-44
2022-08-27 03:41,1052,20.8,3.00,-43
2022-08-27 03:46,1053,20.8,2.99,-44
2022-08-27 03:51,1054,20.7,3.00,-40
2022-08-27 03:55,1055,20.7,3.01,-43
2022-08-27 04:00,1056,20.6,3.01,-39
2022-08-27 04:05,1057,20.6,2.99,-42
2022-08-27 04:10,1058,20.6,3.00,-45
2022-08-27 04:15,1059,20.5,3.00,-48
2022-08-27 04:20,1060,20.5,3.00,-39
2022-08-27 04:25,1061,20.5,3.00,-40
2022-08-27 04:30,1062,20.4,3.00,-43
2022-08-27 04:35,1063,20.4,2.99,-38
2022-08-27 04:40,1064,20.4,3.00,-42
2022-08-27 04:45,1065,20.4,3.00,-38
2022-08-27 04:50,1066,20.3,3.00,-38
2022-08-27 04:55,1067,20.3,3.00,-43
2022-08-27 05:00,1068,20.3,3.00,-42
2022-08-27 05:05,1069,20.3,3.00,-43
2022-08-27 05:10,1070,20.3,3.00,-42
2022-08-27 05:15,1071,20.2,3.00,-41
2022-08-27 05:20,1072,20.2,3.00,-42
2022-08-27 05:25,1073,20.2,2.99,-41
2022-08-27 05:30,1074,20.1,3.00,-38
2022-08-27 05:35,1075,20.1,3.00,-43
2022-08-27 05:40,1076,20.1,2.99,-38
2022-08-27 05:45,1077,20.0,2.99,-43
2022-08-27 05:50,1078,20.0,3.00,-42
2022-08-27 05:55,1079,20.0,3.00,-39
2022-08-27 06:00,1080,19.9,2.99,-38
2022-08-27 06:05,1081,19.9,3.00,-43
2022-08-27 06:10,1082,19.9,3.00,-38
2022-08-27 06:15,1083,19.8,3.00,-39
2022-08-27 06:20,1084,19.8,2.99,-39
2022-08-27 06:25,1085,19.8,2.99,-44
2022-08-27 06:30,1086,19.7,2.97,-42
2022-08-27 06:35,1087,19.7,2.99,-39
2022-08-27 06:40,1088,19.7,2.99,-42
2022-08-27 06:45,1089,19.6,2.99,-43
2022-08-27 06:50,1090,19.6,3.00,-38
2022-08-27 06:55,1091,19.5,3.00,-41
2022-08-27 07:00,1092,19.5,2.99,-38
2022-08-27 07:05,1093,19.5,2.99,-43
2022-08-27 07:10,1094,19.5,2.99,-41
2022-08-27 07:15,1095,19.4,2.99,-41
2022-08-27 07:20,1096,19.4,2.99,-39
2022-08-27 07:24,1097,19.4,3.00,-39
2022-08-27 07:29,1098,19.4,2.99,-37
2022-08-27 07:34,1099,19.4,2.99,-38
2022-08-27 07:39,1100,19.4,2.99,-43
2022-08-27 07:44,1101,19.4,3.00,-42
2022-08-27 07:49,1102,19.5,2.99,-41
2022-08-27 07:54,1103,19.5,2.99,-43
2022-08-27 07:59,1104,19.5,2.98,-42
2022-08-27 08:04,1105,19.5,2.99,-42
2022-08-27 08:09,1106,19.5,2.99,-39
2022-08-27 08:14,1107,19.6,3.00,-44
2022-08-27 08:19,1108,19.6,2.99,-43
2022-08-27 08:24,1109,19.6,2.99,-42
2022-08-27 08:29,1110,19.6,2.99,-38
2022-08-27 08:34,1111,19.7,2.99,-44
2022-08-27 08:39,1112,19.7,2.99,-38
2022-08-27 08:44,1113,19.7,2.99,-42
2022-08-27 08:49,1114,19.8,2.99,-38
2022-08-27 08:54,1115,19.8,2.99,-44
2022-08-27 08:59,1116,19.9,2.98,-39
2022-08-27 09:04,1117,19.9,2.99,-39
2022-08-27 09:09,1118,20.0,2.99,-39
2022-08-27 09:14,1119,20.0,2.99,-41
2022-08-27 09:19,1120,20.0,2.98,-42
2022-08-27 09:24,1121,20.1,2.99,-40
2022-08-27 09:29,1122,20.1,2.98,-39
2022-08-27 09:34,1123,20.2,2.98,-42
2022-08-27 09:39,1124,20.2,2.99,-39
2022-08-27 09:44,1125,20.2,2.99,-39
2022-08-27 09:49,1126,20.3,2.99,-41
2022-08-27 09:54,1127,20.3,2.98,-41
2022-08-27 09:59,1128,20.4,2.99,-41
2022-08-27 10:04,1129,20.4,2.99,-38
2022-08-27 10:09,1130,20.5,2.99,-39
2022-08-27 10:14,1131,20.5,2.99,-43
2022-08-27 10:19,1132,20.6,2.99,-40
2022-08-27 10:24,1133,20.6,2.99,-38
2022-08-27 10:29,1134,20.6,2.99,-39
2022-08-27 10:34,1135,20.7,2.99,-41
2022-08-27 10:39,1136,20.7,2.99,-42
2022-08-27 10:44,1137,20.8,2.98,-42
2022-08-27 10:49,1138,20.8,2.99,-38
2022-08-27 10:54,1139,20.9,2.99,-43
2022-08-27 10:58,1140,21.0,3.00,-39
2022-08-27 11:03,1141,21.0,2.99,-39
2022-08-27 11:08,1142,21.1,2.99,-39
2022-08-27 11:13,1143,21.2,2.99,-39
2022-08-27 11:18,1144,21.3,2.99,-42
2022-08-27 11:23,1145,21.3,2.99,-42
2022-08-27 11:28,1146,21.4,2.99,-39
2022-08-27 11:33,1147,21.5,2.99,-45
2022-08-27 11:38,1148,21.5,2.99,-42
2022-08-27 11:43,1149,21.6,3.00,-40
2022-08-27 11:48,1150,21.7,2.99,-43
2022-08-27 11:53,1151,21.8,2.99,-45
2022-08-27 11:58,1152,21.9,2.99,-38
2022-08-27 12:03,1153,21.9,2.99,-44
2022-08-27 12:08,1154,22.0,2.98,-45
2022-08-27 12:13,1155,22.1,2.99,-45
2022-08-27 12:18,1156,22.2,2.99,-43
2022-08-27 12:23,1157,22.3,2.99,-38
2022-08-27 12:28,1158,22.4,2.99,-38
2022-08-27 12:33,1159,22.5,3.00,-44
2022-08-27 12:38,1160,22.6,2.99,-42
2022-08-27 12:43,1161,22.7,3.00,-42
2022-08-27 12:48,1162,22.7,2.99,-41
2022-08-27 12:53,1163,22.8,2.99,-44
2022-08-27 12:58,1164,22.9,2.99,-44
2022-08-27 13:03,1165,23.0,2.99,-45
2022-08-27 13:08,1166,23.1,3.00,-42
2022-08-27 13:13,1167,23.2,2.99,-42
2022-08-27 13:18,1168,23.3,3.00,-41
2022-08-27 13:23,1169,23.4,2.98,-44
2022-08-27 13:28,1170,23.5,2.99,-40
2022-08-27 13:33,1171,23.6,3.00,-44
2022-08-27 13:38,1172,23.7,2.99,-39
2022-08-27 13:43,1173,23.8,2.99,-45
2022-08-27 13:48,1174,24.0,2.99,-43
2022-08-27 13:53,1175,24.2,2.99,-43
2022-08-27 13:58,1176,24.1,2.98,-44
2022-08-27 14:03,1177,24.1,2.99,-43
2022-08-27 14:08,1178,24.2,2.98,-43
2022-08-27 14:13,1179,24.2,2.99,-42
2022-08-27 14:18,1180,24.2,2.99,-42
2022-08-27 14:23,1181,24.1,2.98,-43
2022-08-27 14:28,1182,24.1,2.99,-42
2022-08-27 14:33,1183,24.2,2.99,-44
2022-08-27 14:37,1184,24.3,3.00,-39
2022-08-27 14:42,1185,24.4,2.98,-45
2022-08-27 14:47,1186,24.5,2.99,-42
2022-08-27 14:52,1187,24.5,2.98,-43
2022-08-27 14:57,1188,24.3,2.99,-45
2022-08-27 15:02,1189,24.4,2.99,-45
2022-08-27 15:07,1190,24.3,2.99,-42
2022-08-27 15:12,1191,24.4,2.99,-44
2022-08-27 15:17,1192,25.4,2.99,-44
2022-08-27 15:22,1193,25.5,2.99,-40
2022-08-27 15:27,1194,25.9,2.99,-42
2022-08-27 15:32,1195,26.5,2.99,-43
2022-08-27 15:37,1196,27.1,2.99,-43
2022-08-27 15:42,1197,27.1,2.99,-47
2022-08-27 15:47,1198,27.5,3.00,-44
2022-08-27 15:52,1199,27.9,2.99,-44
2022-08-27 15:57,1200,27.9,3.00,-42
2022-08-27 16:02,1201,28.2,2.99,-45
2022-08-27 16:07,1202,27.8,2.99,-41
2022-08-27 16:12,1203,26.9,3.00,-45
2022-08-27 16:17,1204,26.7,3.00,-42
2022-08-27 16:22,1205,26.6,2.99,-42
2022-08-27 16:27,1206,26.4,2.99,-41
2022-08-27 16:32,1207,26.2,2.99,-43
2022-08-27 16:37,1208,26.2,2.98,-42
2022-08-27 16:42,1209,26.2,2.99,-42
2022-08-27 16:47,1210,27.2,2.99,-42
2022-08-27 16:52,1211,27.9,2.99,-45
2022-08-27 16:57,1212,28.3,3.00,-43
2022-08-27 17:02,1213,28.3,3.00,-43
2022-08-27 17:07,1214,28.7,2.99,-43
2022-08-27 17:12,1215,29.1,3.00,-44
2022-08-27 17:17,1216,28.9,3.00,-42
2022-08-27 17:22,1217,29.2,3.00,-45
2022-08-27 17:27,1218,29.1,3.00,-40
2022-08-27 17:32,1219,28.8,3.00,-46
2022-08-27 17:37,1220,29.3,2.99,-43
2022-08-27 17:42,1221,29.5,3.00,-45
2022-08-27 17:47,1222,29.6,3.00,-40
2022-08-27 17:52,1223,29.9,3.01,-44
2022-08-27 17:57,1224,29.4,3.00,-40
2022-08-27 18:02,1225,30.0,3.00,-46
2022-08-27 18:07,1226,29.8,2.99,-43
2022-08-27 18:12,1227,29.6,3.00,-42
2022-08-27 18:16,1228,29.8,3.00,-40
2022-08-27 18:21,1229,29.4,3.00,-45
2022-08-27 18:26,1230,30.0,3.00,-43
2022-08-27 18:31,1231,29.3,2.99,-42
2022-08-27 18:36,1232,28.8,3.00,-43
2022-08-27 18:41,1233,28.6,3.00,-39
2022-08-27 18:46,1234,28.0,3.00,-43
2022-08-27 18:51,1235,28.0,3.00,-45
2022-08-27 18:56,1236,27.9,3.02,-42
2022-08-27 19:01,1237,27.7,3.00,-39
2022-08-27 19:06,1238,27.5,3.00,-42
2022-08-27 19:11,1239,27.6,3.00,-43
2022-08-27 19:16,1240,27.6,2.99,-42
2022-08-27 19:21,1241,27.4,3.00,-44
2022-08-27 19:26,1242,27.7,3.00,-44
2022-08-27 19:31,1243,27.5,3.00,-45
2022-08-27 19:36,1244,27.3,3.00,-44
2022-08-27 19:41,1245,26.9,3.00,-46
2022-08-27 19:46,1246,26.8,2.99,-39
2022-08-27 19:51,1247,26.8,3.00,-42
2022-08-27 19:56,1248,26.7,3.01,-39
2022-08-27 20:01,1249,26.5,3.00,-44
2022-08-27 20:06,1250,26.3,3.00,-42
2022-08-27 20:11,1251,26.3,3.01,-42
2022-08-27 20:16,1252,26.3,3.00,-44
2022-08-27 20:21,1253,26.2,2.99,-42
2022-08-27 20:26,1254,25.8,3.00,-43
2022-08-27 20:31,1255,25.8,2.99,-44
2022-08-27 20:36,1256,25.8,2.99,-40
2022-08-27 20:41,1257,25.8,2.99,-41
2022-08-27 20:46,1258,25.8,3.00,-38
2022-08-27 20:51,1259,25.4,3.00,-45
2022-08-27 20:56,1260,25.4,3.00,-39
2022-08-27 21:01,1261,25.4,3.01,-48
2022-08-27 21:06,1262,25.3,3.00,-45
2022-08-27 21:11,1263,25.3,2.99,-45
2022-08-27 21:16,1264,25.1,3.00,-38
2022-08-27 21:21,1265,25.0,3.00,-40
2022-08-27 21:26,1266,24.9,3.01,-44
2022-08-27 21:31,1267,24.9,2.98,-42
2022-08-27 21:36,1268,24.9,2.99,-44
2022-08-27 21:41,1269,24.8,3.00,-42
2022-08-27 21:45,1270,24.5,2.99,-44
2022-08-27 21:50,1271,24.5,3.00,-44
2022-08-27 21:55,1272,24.5,2.99,-43
2022-08-27 22:00,1273,24.4,2.99,-41
2022-08-27 22:05,1274,24.4,3.00,-41
2022-08-27 22:10,1275,24.3,3.00,-44
2022-08-27 22:15,1276,24.2,3.00,-41
2022-08-27 22:20,1277,24.0,3.01,-43
2022-08-27 22:25,1278,24.0,2.99,-44
2022-08-27 22:30,1279,23.9,2.99,-42
2022-08-27 22:35,1280,23.9,2.99,-42
2022-08-27 22:40,1281,23.8,2.99,-42
2022-08-27 22:45,1282,23.8,3.00,-41
2022-08-27 22:50,1283,23.7,2.99,-42
2022-08-27 22:55,1284,23.5,3.00,-42
2022-08-27 23:00,1285,23.5,2.99,-42
2022-08-27 23:05,1286,23.5,3.00,-43
2022-08-27 23:10,1287,23.4,3.00,-42
2022-08-27 23:15,1288,23.4,3.00,-42
2022-08-27 23:20,1289,23.3,3.00,-39
2022-08-27 23:25,1290,23.2,3.01,-39
2022-08-27 23:30,1291,23.2,3.00,-45
2022-08-27 23:35,1292,23.1,3.00,-42
2022-08-27 23:40,1293,23.0,3.01,-44
2022-08-27 23:45,1294,23.0,2.99,-42
2022-08-27 23:50,1295,23.0,2.99,-42
2022-08-27 23:55,1296,22.9,2.99,-42
2022-08-28 00:00,1297,22.8,3.00,-43
2022-08-28 00:05,1298,22.8,2.99,-43
2022-08-28 00:10,1299,22.7,3.00,-44
2022-08-28 00:15,1300,22.6,3.00,-41
2022-08-28 00:20,1301,22.6,3.00,-44
2022-08-28 00:25,1302,22.5,3.00,-44
2022-08-28 00:30,1303,22.4,2.99,-38
2022-08-28 00:35,1304,22.3,3.00,-40
2022-08-28 00:40,1305,22.3,3.00,-44
2022-08-28 00:45,1306,22.2,3.00,-41
2022-08-28 00:50,1307,22.2,3.00,-43
2022-08-28 00:55,1308,22.1,3.00,-39
2022-08-28 01:00,1309,22.1,2.99,-44
2022-08-28 01:05,1310,22.0,2.99,-38
2022-08-28 01:10,1311,22.0,3.01,-40
2022-08-28 01:14,1312,21.9,2.99,-39
2022-08-28 01:19,1313,21.9,2.99,-42
2022-08-28 01:24,1314,21.9,3.00,-42
2022-08-28 01:29,1315,21.9,2.99,-41
2022-08-28 01:34,1316,21.9,2.99,-41
2022-08-28 01:39,1317,21.8,3.00,-46
2022-08-28 01:44,1318,21.8,3.01,-38
2022-08-28 01:49,1319,21.8,3.00,-45
2022-08-28 01:54,1320,21.7,2.97,-43
2022-08-28 01:59,1321,21.7,2.99,-38
2022-08-28 02:04,1322,21.7,2.99,-41
2022-08-28 02:09,1323,21.6,3.00,-42
2022-08-28 02:14,1324,21.6,3.00,-39
2022-08-28 02:19,1325,21.5,2.99,-40
2022-08-28 02:24,1326,21.5,3.00,-39
2022-08-28 02:29,1327,21.4,2.99,-41
2022-08-28 02:34,1328,21.4,2.99,-42
2022-08-28 02:39,1329,21.4,2.99,-44
2022-08-28 02:44,1330,21.3,2.99,-40
2022-08-28 02:49,1331,21.3,3.00,-41
2022-08-28 02:54,1332,21.2,2.99,-40
2022-08-28 02:59,1333,21.2,2.99,-40
2022-08-28 03:04,1334,21.2,3.00,-42
2022-08-28 03:09,1335,21.1,3.00,-44
2022-08-28 03:14,1336,21.1,3.00,-43
2022-08-28 03:19,1337,21.1,2.99,-39
2022-08-28 03:24,1338,21.0,2.99,-39
2022-08-28 03:29,1339,21.0,2.98,-42
2022-08-28 03:34,1340,21.0,2.99,-39
2022-08-28 03:39,1341,21.0,2.98,-43
2022-08-28 03:44,1342,20.9,2.98,-38
2022-08-28 03:49,1343,20.9,2.98,-43
2022-08-28 03:54,1344,20.9,2.99,-39
2022-08-28 03:59,1345,20.8,2.99,-44
2022-08-28 04:04,1346,20.8,2.97,-42
2022-08-28 04:09,1347,20.8,2.99,-44
2022-08-28 04:14,1348,20.8,2.99,-40
2022-08-28 04:19,1349,20.7,2.99,-42
2022-08-28 04:24,1350,20.7,2.98,-43
2022-08-28 04:29,1351,20.7,2.98,-43
2022-08-28 04:34,1352,20.6,2.99,-40
2022-08-28 04:39,1353,20.6,2.98,-39
2022-08-28 04:44,1354,20.6,2.99,-43
2022-08-28 04:48,1355,20.6,2.97,-45
2022-08-28 04:53,1356,20.6,2.98,-45
2022-08-28 04:58,1357,20.5,2.99,-42
2022-08-28 05:03,1358,20.5,2.99,-40
2022-08-28 05:08,1359,20.5,2.99,-43
2022-08-28 05:13,1360,20.5,2.99,-39
2022-08-28 05:18,1361,20.4,2.99,-43
2022-08-28 05:23,1362,20.4,2.98,-43
2022-08-28 05:28,1363,20.4,2.99,-44
2022-08-28 05:33,1364,20.3,2.98,-39
2022-08-28 05:38,1365,20.3,3.00,-45
2022-08-28 05:43,1366,20.3,2.99,-38
2022-08-28 05:48,1367,20.3,2.99,-41
2022-08-28 05:53,1368,20.2,2.99,-42
2022-08-28 05:58,1369,20.2,2.99,-43
2022-08-28 06:03,1370,20.2,2.99,-43
2022-08-28 06:08,1371,20.2,2.98,-40
2022-08-28 06:13,1372,20.1,2.99,-38
2022-08-28 06:18,1373,20.1,2.99,-43
2022-08-28 06:23,1374,20.1,2.98,-38
2022-08-28 06:28,1375,20.1,2.98,-40
2022-08-28 06:33,1376,20.0,2.99,-41
2022-08-28 06:38,1377,20.0,2.99,-44
2022-08-28 06:43,1378,20.0,2.99,-43
2022-08-28 06:48,1379,20.0,2.99,-39
2022-08-28 06:53,1380,19.9,2.98,-38
2022-08-28 06:58,1381,19.9,2.98,-43
2022-08-28 07:03,1382,19.9,2.98,-41
2022-08-28 07:08,1383,19.9,2.98,-39
2022-08-28 07:13,1384,19.9,2.99,-40
2022-08-28 07:18,1385,19.9,2.97,-43
2022-08-28 07:23,1386,19.9,2.99,-38
2022-08-28 07:28,1387,19.9,2.99,-42
2022-08-28 07:33,1388,19.9,2.98,-39
2022-08-28 07:38,1389,19.9,2.99,-39
2022-08-28 07:43,1390,19.9,2.99,-43
2022-08-28 07:48,1391,19.9,2.99,-43
2022-08-28 07:53,1392,19.9,2.98,-40
2022-08-28 07:58,1393,19.9,2.99,-40
2022-08-28 08:03,1394,19.9,2.99,-39
2022-08-28 08:08,1395,20.0,2.99,-40
2022-08-28 08:13,1396,20.0,2.98,-38
2022-08-28 08:17,1397,20.0,2.99,-42
2022-08-28 08:22,1398,20.1,2.99,-38
2022-08-28 08:27,1399,20.1,2.99,-38
2022-08-28 08:32,1400,20.1,2.99,-38
2022-08-28 08:37,1401,20.2,2.98,-39
2022-08-28 08:42,1402,20.2,2.99,-41
2022-08-28 08:47,1403,20.2,2.98,-41
2022-08-28 08:52,1404,20.2,2.99,-40
2022-08-28 08:57,1405,20.3,2.98,-41
2022-08-28 09:02,1406,20.4,2.98,-38
2022-08-28 09:07,1407,20.4,2.98,-43
2022-08-28 09:12,1408,20.5,2.97,-39
2022-08-28 09:17,1409,20.5,2.99,-44
2022-08-28 09:22,1410,20.6,2.99,-42
2022-08-28 09:27,1411,20.6,2.98,-38
2022-08-28 09:32,1412,20.7,2.97,-39
2022-08-28 09:37,1413,20.8,2.99,-43
2022-08-28 09:42,1414,20.8,2.98,-40
2022-08-28 09:47,1415,20.9,2.98,-42
2022-08-28 09:52,1416,20.9,2.99,-40
2022-08-28 09:57,1417,21.0,2.99,-45
2022-08-28 10:02,1418,21.0,2.99,-41
2022-08-28 10:07,1419,21.1,2.98,-38
2022-08-28 10:12,1420,21.1,2.97,-41
2022-08-28 10:17,1421,21.2,2.98,-39
2022-08-28 10:22,1422,21.2,2.99,-42
2022-08-28 10:27,1423,21.3,2.98,-41
2022-08-28 10:32,1424,21.4,2.99,-41
2022-08-28 10:37,1425,21.4,2.99,-40
2022-08-28 10:42,1426,21.5,2.99,-41
2022-08-28 10:47,1427,21.5,2.98,-40
2022-08-28 10:52,1428,21.6,2.99,-41
2022-08-28 10:57,1429,21.6,2.98,-44
2022-08-28 11:02,1430,21.7,2.99,-43
2022-08-28 11:07,1431,21.8,2.98,-40
2022-08-28 11:12,1432,21.8,2.99,-39
2022-08-28 11:17,1433,21.9,2.99,-43
2022-08-28 11:22,1434,21.9,2.98,-40
2022-08-28 11:27,1435,22.0,2.98,-40
2022-08-28 11:32,1436,22.1,2.99,-39
2022-08-28 11:37,1437,22.1,2.99,-42
2022-08-28 11:42,1438,22.2,2.99,-40
2022-08-28 11:47,1439,22.2,2.99,-45
2022-08-28 11:51,1440,22.3,2.98,-39
2022-08-28 11:56,1441,22.4,2.98,-43
2022-08-28 12:01,1442,22.5,2.98,-39
2022-08-28 12:06,1443,22.5,2.99,-43
2022-08-28 12:11,1444,22.6,2.98,-38
2022-08-28 12:16,1445,22.7,2.97,-42
2022-08-28 12:21,1446,22.7,2.99,-42
2022-08-28 12:26,1447,22.8,2.97,-42
2022-08-28 12:31,1448,22.8,2.99,-39
2022-08-28 12:36,1449,22.9,2.98,-44
2022-08-28 12:41,1450,23.0,2.98,-43
2022-08-28 12:46,1451,23.0,2.99,-45
2022-08-28 12:51,1452,23.1,2.99,-43
2022-08-28 12:56,1453,23.2,2.98,-44
2022-08-28 13:01,1454,23.2,2.98,-40
2022-08-28 13:06,1455,23.3,2.99,-45
2022-08-28 13:11,1456,23.2,2.98,-40
2022-08-28 13:16,1457,23.4,2.98,-41
2022-08-28 13:21,1458,23.4,2.97,-39
2022-08-28 13:26,1459,23.5,2.99,-43
2022-08-28 13:31,1460,23.6,2.97,-42
2022-08-28 13:36,1461,23.6,2.98,-42
2022-08-28 13:41,1462,23.7,2.99,-42
2022-08-28 13:46,1463,23.8,2.97,-45
2022-08-28 13:51,1464,23.7,2.99,-43
2022-08-28 13:56,1465,23.9,2.98,-42
2022-08-28 14:01,1466,24.2,2.99,-39
2022-08-28 14:06,1467,24.5,2.98,-43
2022-08-28 14:11,1468,24.8,2.99,-42
2022-08-28 14:16,1469,24.9,2.99,-44
2022-08-28 14:21,1470,25.3,2.99,-41
2022-08-28 14:26,1471,25.7,2.97,-41
2022-08-28 14:31,1472,26.1,2.99,-43
2022-08-28 14:36,1473,26.5,2.99,-43
2022-08-28 14:41,1474,26.7,2.98,-42
2022-08-28 14:46,1475,27.2,2.98,-44
2022-08-28 14:51,1476,26.7,2.99,-43
2022-08-28 14:56,1477,26.2,2.99,-43
2022-08-28 15:01,1478,26.0,2.98,-40
2022-08-28 15:06,1479,26.0,2.97,-44
2022-08-28 15:11,1480,26.1,2.97,-43
2022-08-28 15:16,1481,26.5,2.98,-43
2022-08-28 15:21,1482,26.9,2.99,-45
2022-08-28 15:25,1483,26.5,2.97,-43
2022-08-28 15:30,1484,26.5,2.97,-43
2022-08-28 15:35,1485,26.3,2.99,-45
2022-08-28 15:40,1486,26.8,2.99,-43
2022-08-28 15:45,1487,27.7,2.98,-43
2022-08-28 15:50,1488,28.1,2.99,-43
2022-08-28 15:55,1489,28.5,2.98,-45
2022-08-28 16:00,1490,28.9,2.97,-43
2022-08-28 16:05,1491,29.0,2.99,-44
2022-08-28 16:10,1492,29.4,2.99,-43
2022-08-28 16:15,1493,29.7,2.99,-43
2022-08-28 16:20,1494,29.2,2.99,-45
2022-08-28 16:25,1495,28.6,2.99,-45
2022-08-28 16:30,1496,28.4,2.99,-42
2022-08-28 16:35,1497,27.8,2.98,-44
2022-08-28 16:40,1498,27.8,2.97,-42
2022-08-28 16:45,1499,27.8,2.98,-45
2022-08-28 16:50,1500,27.6,2.98,-44
2022-08-28 16:55,1501,28.6,2.99,-43
2022-08-28 17:00,1502,29.4,3.00,-45
2022-08-28 17:05,1503,29.5,2.98,-48
2022-08-28 17:10,1504,29.8,2.99,-44
2022-08-28 17:15,1505,30.0,3.00,-44
2022-08-28 17:20,1506,30.0,2.98,-39
2022-08-28 17:25,1507,30.4,2.99,-45
2022-08-28 17:30,1508,30.3,2.99,-43
2022-08-28 17:35,1509,30.5,2.99,-45
2022-08-28 17:40,1510,30.6,3.00,-43
2022-08-28 17:45,1511,30.4,2.99,-46
2022-08-28 17:50,1512,30.8,3.00,-45
2022-08-28 17:55,1513,30.7,3.00,-45
2022-08-28 18:00,1514,30.9,2.99,-45
2022-08-28 18:05,1515,30.9,2.99,-43
2022-08-28 18:10,1516,30.9,2.99,-42
2022-08-28 18:15,1517,31.1,3.00,-45
2022-08-28 18:20,1518,30.9,2.99,-42
2022-08-28 18:25,1519,31.2,2.99,-44
2022-08-28 18:30,1520,31.0,2.98,-44
2022-08-28 18:35,1521,31.0,2.99,-45
2022-08-28 18:40,1522,31.0,2.99,-43
2022-08-28 18:45,1523,30.9,2.98,-45
2022-08-28 18:50,1524,31.0,2.99,-43
2022-08-28 18:55,1525,30.7,3.00,-45
2022-08-28 18:59,1526,31.0,2.99,-44
2022-08-28 19:04,1527,30.8,2.99,-45
2022-08-28 19:09,1528,30.7,3.00,-45
2022-08-28 19:14,1529,30.9,3.00,-44
2022-08-28 19:19,1530,30.4,3.00,-42
2022-08-28 19:24,1531,30.5,2.99,-46
2022-08-28 19:29,1532,30.5,3.00,-41
2022-08-28 19:34,1533,30.0,2.97,-46
2022-08-28 19:39,1534,30.0,3.00,-41
2022-08-28 19:44,1535,29.8,3.00,-46
2022-08-28 19:49,1536,29.3,3.01,-43
2022-08-28 19:54,1537,29.3,3.00,-42
2022-08-28 19:59,1538,29.1,2.99,-40
2022-08-28 20:04,1539,28.9,2.99,-46
2022-08-28 20:09,1540,28.8,3.00,-43
2022-08-28 20:14,1541,28.6,3.00,-44
2022-08-28 20:19,1542,28.2,3.00,-45
2022-08-28 20:24,1543,28.3,3.00,-45
2022-08-28 20:29,1544,28.3,2.99,-43
2022-08-28 20:34,1545,28.0,3.00,-44
2022-08-28 20:39,1546,27.8,3.01,-43
2022-08-28 20:44,1547,27.8,3.01,-45
2022-08-28 20:49,1548,27.6,2.99,-43
2022-08-28 20:54,1549,27.4,2.99,-43
2022-08-28 20:59,1550,27.1,3.00,-43
2022-08-28 21:04,1551,27.2,2.99,-45
2022-08-28 21:09,1552,27.1,3.00,-39
2022-08-28 21:14,1553,26.8,2.99,-41
2022-08-28 21:19,1554,26.6,2.99,-43
2022-08-28 21:24,1555,26.6,3.00,-43
2022-08-28 21:29,1556,26.6,3.00,-42
2022-08-28 21:34,1557,26.5,3.00,-42
2022-08-28 21:39,1558,26.1,3.00,-46
2022-08-28 21:44,1559,26.0,2.99,-44
2022-08-28 21:49,1560,26.0,2.99,-43
2022-08-28 21:54,1561,26.0,3.01,-44
2022-08-28 21:59,1562,25.9,2.99,-42
2022-08-28 22:04,1563,25.5,2.99,-41
2022-08-28 22:09,1564,25.4,2.98,-44
2022-08-28 22:14,1565,25.4,2.98,-43
2022-08-28 22:19,1566,25.3,3.00,-44
2022-08-28 22:23,1567,25.2,3.00,-44
2022-08-28 22:28,1568,25.1,3.00,-41
2022-08-28 22:33,1569,24.8,3.01,-42
2022-08-28 22:38,1570,24.8,2.99,-43
2022-08-28 22:43,1571,24.7,3.00,-41
2022-08-28 22:48,1572,24.5,2.99,-42
2022-08-28 22:53,1573,24.4,2.98,-44
2022-08-28 22:58,1574,24.3,3.00,-43
2022-08-28 23:03,1575,24.1,3.01,-44
2022-08-28 23:08,1576,24.1,2.99,-43
2022-08-28 23:13,1577,23.9,3.00,-43
2022-08-28 23:18,1578,23.8,3.00,-43
2022-08-28 23:23,1579,23.7,3.00,-43
2022-08-28 23:28,1580,23.6,2.99,-45
2022-08-28 23:33,1581,23.5,3.00,-42
2022-08-28 23:38,1582,23.4,2.99,-41
2022-08-28 23:43,1583,23.3,3.00,-44
2022-08-28 23:48,1584,23.2,2.99,-42
2022-08-28 23:53,1585,23.1,2.99,-43
2022-08-28 23:58,1586,23.0,2.99,-42
2022-08-29 00:03,1587,23.0,3.00,-41
2022-08-29 00:08,1588,22.9,2.99,-42
2022-08-29 00:13,1589,22.8,2.99,-41
2022-08-29 00:18,1590,22.8,3.00,-39
2022-08-29 00:23,1591,22.7,2.99,-43
2022-08-29 00:28,1592,22.6,2.99,-42
2022-08-29 00:33,1593,22.5,2.99,-43
2022-08-29 00:38,1594,22.4,3.00,-41
2022-08-29 00:43,1595,22.3,3.00,-43
2022-08-29 00:48,1596,22.3,2.99,-40
2022-08-29 00:53,1597,22.2,2.99,-42
2022-08-29 00:58,1598,22.2,3.02,-40
2022-08-29 01:03,1599,22.1,3.00,-45
2022-08-29 01:08,1600,22.0,2.99,-39
2022-08-29 01:13,1601,21.9,2.99,-47
2022-08-29 01:18,1602,21.9,3.00,-42
2022-08-29 01:23,1603,21.8,2.99,-40
2022-08-29 01:28,1604,21.8,3.00,-42
2022-08-29 01:33,1605,21.7,2.98,-43
2022-08-29 01:38,1606,21.7,2.99,-42
2022-08-29 01:43,1607,21.6,2.99,-41
2022-08-29 01:48,1608,21.6,2.98,-39
2022-08-29 01:52,1609,21.5,2.99,-47
2022-08-29 01:57,1610,21.5,2.99,-42
2022-08-29 02:02,1611,21.5,2.98,-42
2022-08-29 02:07,1612,21.4,2.99,-44
2022-08-29 02:12,1613,21.4,3.00,-45
2022-08-29 02:17,1614,21.4,2.98,-38
2022-08-29 02:22,1615,21.4,2.98,-44
2022-08-29 02:27,1616,21.3,2.99,-42
2022-08-29 02:32,1617,21.3,2.99,-41
2022-08-29 02:37,1618,21.3,2.99,-40
2022-08-29 02:42,1619,21.3,2.99,-40
2022-08-29 02:47,1620,21.2,2.99,-42
2022-08-29 02:52,1621,21.2,2.99,-44
2022-08-29 02:57,1622,21.2,2.98,-42
2022-08-29 03:02,1623,21.1,2.99,-40
2022-08-29 03:07,1624,21.1,2.99,-39
2022-08-29 03:12,1625,21.1,2.99,-44
2022-08-29 03:17,1626,21.0,2.99,-43
2022-08-29 03:22,1627,21.0,2.99,-43
2022-08-29 03:27,1628,21.0,2.99,-39
2022-08-29 03:32,1629,21.0,2.98,-44
2022-08-29 03:37,1630,20.9,2.99,-40
2022-08-29 03:42,1631,20.9,2.99,-40
2022-08-29 03:47,1632,20.9,2.99,-43
2022-08-29 03:52,1633,20.9,2.99,-38
2022-08-29 03:57,1634,20.8,2.99,-43
2022-08-29 04:02,1635,20.8,2.98,-41
2022-08-29 04:07,1636,20.7,2.99,-38
2022-08-29 04:12,1637,20.7,2.99,-40
2022-08-29 04:17,1638,20.7,3.00,-38
2022-08-29 04:22,1639,20.6,2.99,-41
2022-08-29 04:27,1640,20.6,2.99,-38
2022-08-29 04:32,1641,20.5,2.99,-45
2022-08-29 04:37,1642,20.4,2.99,-39
2022-08-29 04:42,1643,20.4,2.98,-43
2022-08-29 04:47,1644,20.3,2.96,-39
2022-08-29 04:52,1645,20.3,2.98,-39
2022-08-29 04:57,1646,20.2,2.99,-41
2022-08-29 05:02,1647,20.2,2.96,-43
2022-08-29 05:07,1648,20.1,2.98,-40
2022-08-29 05:12,1649,20.1,2.99,-46
2022-08-29 05:17,1650,20.0,2.99,-39
2022-08-29 05:22,1651,20.0,2.98,-43
2022-08-29 05:26,1652,19.9,2.99,-39
2022-08-29 05:31,1653,19.9,2.98,-39
2022-08-29 05:36,1654,19.8,2.99,-40
2022-08-29 05:41,1655,19.8,2.99,-42
2022-08-29 05:46,1656,19.8,2.98,-40
2022-08-29 05:51,1657,19.7,2.98,-39
2022-08-29 05:56,1658,19.7,2.98,-42
2022-08-29 06:01,1659,19.7,2.99,-42
2022-08-29 06:06,1660,19.6,2.97,-40
2022-08-29 06:11,1661,19.6,2.99,-42
2022-08-29 06:16,1662,19.5,2.99,-42
2022-08-29 06:21,1663,19.5,2.99,-40
2022-08-29 06:26,1664,19.5,2.99,-42
2022-08-29 06:31,1665,19.5,2.99,-45
2022-08-29 06:36,1666,19.4,2.98,-41
2022-08-29 06:41,1667,19.4,2.99,-43
2022-08-29 06:46,1668,19.4,2.99,-39
2022-08-29 06:51,1669,19.3,2.98,-43
2022-08-29 06:56,1670,19.3,2.98,-38
2022-08-29 07:01,1671,19.3,2.97,-42
2022-08-29 07:06,1672,19.3,2.98,-41
2022-08-29 07:11,1673,19.3,2.97,-39
2022-08-29 07:16,1674,19.3,2.97,-39
2022-08-29 07:21,1675,19.3,2.99,-40
2022-08-29 07:26,1676,19.3,2.99,-37
2022-08-29 07:31,1677,19.3,2.98,-37
2022-08-29 07:36,1678,19.4,2.99,-38
2022-08-29 07:41,1679,19.4,2.97,-41
2022-08-29 07:46,1680,19.4,2.98,-36
2022-08-29 07:51,1681,19.4,2.99,-40
2022-08-29 07:56,1682,19.4,2.99,-36
2022-08-29 08:01,1683,19.4,2.99,-40
2022-08-29 08:06,1684,19.5,2.98,-40
2022-08-29 08:11,1685,19.5,2.99,-39
2022-08-29 08:16,1686,19.5,2.98,-39
2022-08-29 08:21,1687,19.5,2.99,-39
2022-08-29 08:26,1688,19.6,2.99,-38
2022-08-29 08:31,1689,19.6,2.99,-40
2022-08-29 08:36,1690,19.7,2.99,-40
2022-08-29 08:41,1691,19.7,2.98,-41
2022-08-29 08:46,1692,19.7,2.98,-37
2022-08-29 08:51,1693,19.8,2.97,-44
2022-08-29 08:56,1694,19.9,2.98,-42
2022-08-29 09:01,1695,20.0,2.98,-44
2022-08-29 09:05,1696,20.1,2.99,-45
2022-08-29 09:10,1697,20.2,2.97,-42
2022-08-29 09:15,1698,20.3,2.97,-44
2022-08-29 09:20,1699,20.3,2.98,-44
2022-08-29 09:25,1700,20.4,2.97,-39
2022-08-29 09:30,1701,20.5,2.97,-42
2022-08-29 09:35,1702,20.6,2.98,-46
2022-08-29 09:40,1703,20.6,2.98,-45
2022-08-29 09:45,1704,20.7,2.98,-47
2022-08-29 09:50,1705,20.7,2.98,-46
2022-08-29 09:55,1706,20.8,2.97,-47
2022-08-29 10:00,1707,20.8,2.97,-46
2022-08-29 10:05,1708,20.8,2.97,-46
2022-08-29 10:10,1709,20.9,2.97,-45
2022-08-29 10:15,1710,20.9,2.97,-45
2022-08-29 10:20,1711,21.0,2.98,-46
2022-08-29 10:25,1712,21.0,2.97,-44
2022-08-29 10:30,1713,21.1,2.97,-45
2022-08-29 10:35,1714,21.2,2.97,-45
2022-08-29 10:40,1715,21.2,2.97,-47
2022-08-29 10:45,1716,21.3,2.97,-44
2022-08-29 10:50,1717,21.3,2.98,-47
2022-08-29 10:55,1718,21.4,2.98,-44
2022-08-29 11:00,1719,21.5,2.98,-48
2022-08-29 11:05,1720,21.5,2.98,-46
2022-08-29 11:10,1721,21.6,2.99,-48
2022-08-29 11:15,1722,21.7,2.97,-45
2022-08-29 11:20,1723,21.7,2.98,-49
2022-08-29 11:25,1724,21.8,2.98,-49
2022-08-29 11:30,1725,21.8,2.98,-49
2022-08-29 11:35,1726,21.9,2.99,-44
2022-08-29 11:40,1727,22.0,2.98,-46
2022-08-29 11:45,1728,22.0,2.98,-45
2022-08-29 11:50,1729,22.1,2.97,-45
2022-08-29 11:55,1730,22.1,2.98,-45
2022-08-29 12:00,1731,22.2,2.98,-47
2022-08-29 12:05,1732,22.3,2.99,-46
2022-08-29 12:10,1733,22.3,2.97,-47
2022-08-29 12:15,1734,22.4,2.99,-46
2022-08-29 12:20,1735,22.5,2.98,-47
2022-08-29 12:25,1736,22.5,2.99,-47
2022-08-29 12:30,1737,22.5,2.97,-47
2022-08-29 12:35,1738,22.6,3.00,-48
2022-08-29 12:39,1739,22.7,2.98,-48
2022-08-29 12:44,1740,22.8,2.97,-48
2022-08-29 12:49,1741,22.8,2.99,-47
2022-08-29 12:54,1742,22.9,2.97,-47
2022-08-29 12:59,1743,23.0,2.99,-45
2022-08-29 13:04,1744,23.0,2.98,-46
2022-08-29 13:09,1745,23.1,2.98,-48
2022-08-29 13:14,1746,23.2,2.99,-46
2022-08-29 13:19,1747,23.3,2.98,-45
2022-08-29 13:24,1748,23.3,2.98,-47
2022-08-29 13:29,1749,23.4,2.98,-46
2022-08-29 13:34,1750,23.5,2.97,-45
2022-08-29 13:39,1751,23.6,2.99,-46
2022-08-29 13:44,1752,23.6,2.98,-47
2022-08-29 13:49,1753,23.6,2.97,-46
2022-08-29 13:54,1754,23.8,2.99,-48
2022-08-29 13:59,1755,24.0,2.99,-46
2022-08-29 14:04,1756,24.2,2.99,-48
2022-08-29 14:09,1757,24.4,2.98,-46
2022-08-29 14:14,1758,24.8,2.98,-46
2022-08-29 14:19,1759,25.2,2.99,-47
2022-08-29 14:24,1760,25.4,2.98,-50
2022-08-29 14:29,1761,25.7,2.98,-50
2022-08-29 14:34,1762,26.1,2.99,-47
2022-08-29 14:39,1763,26.4,2.98,-49
2022-08-29 14:44,1764,26.5,2.98,-47
2022-08-29 14:49,1765,26.9,2.98,-50
2022-08-29 14:54,1766,27.3,2.98,-49
2022-08-29 14:59,1767,27.3,2.98,-49
2022-08-29 15:04,1768,27.7,2.99,-50
2022-08-29 15:09,1769,28.0,2.98,-49
2022-08-29 15:14,1770,27.9,2.99,-48
2022-08-29 15:19,1771,28.3,2.99,-49
2022-08-29 15:24,1772,28.6,2.99,-50
2022-08-29 15:29,1773,28.0,2.99,-50
2022-08-29 15:34,1774,28.4,2.98,-50
2022-08-29 15:39,1775,28.8,2.99,-48
2022-08-29 15:44,1776,28.8,2.99,-47
2022-08-29 15:49,1777,29.3,2.99,-49
2022-08-29 15:54,1778,29.2,2.97,-51
2022-08-29 15:59,1779,29.4,2.99,-49
2022-08-29 16:04,1780,29.8,2.98,-47
2022-08-29 16:09,1781,29.6,2.99,-49
2022-08-29 16:14,1782,30.0,2.98,-46
2022-08-29 16:19,1783,30.0,3.00,-47
2022-08-29 16:23,1784,30.0,2.99,-49
2022-08-29 16:28,1785,30.4,2.98,-49
2022-08-29 16:33,1786,30.2,2.99,-48
2022-08-29 16:38,1787,30.7,2.99,-46
2022-08-29 16:43,1788,30.4,2.99,-48
2022-08-29 16:48,1789,30.7,3.00,-50
2022-08-29 16:53,1790,30.8,2.98,-49
2022-08-29 16:58,1791,30.7,2.94,-46
2022-08-29 17:03,1792,31.0,2.99,-48
2022-08-29 17:08,1793,30.8,2.99,-47
2022-08-29 17:13,1794,31.1,2.99,-46
2022-08-29 17:18,1795,31.1,2.99,-48
2022-08-29 17:23,1796,31.1,2.99,-47
2022-08-29 17:28,1797,31.2,3.00,-50
2022-08-29 17:33,1798,31.4,2.99,-46
2022-08-29 17:38,1799,31.0,2.99,-49
2022-08-29 17:43,1800,31.3,2.99,-47
2022-08-29 17:48,1801,31.0,2.99,-50
2022-08-29 17:53,1802,31.4,2.99,-44
2022-08-29 17:58,1803,32.2,2.99,-46
2022-08-29 18:03,1804,32.4,2.99,-44
2022-08-29 18:08,1805,32.5,2.99,-46
2022-08-29 18:13,1806,32.8,2.99,-45
2022-08-29 18:18,1807,32.7,2.98,-45
2022-08-29 18:23,1808,32.9,3.00,-44
2022-08-29 18:28,1809,33.0,2.99,-47
2022-08-29 18:33,1810,32.7,3.00,-46
2022-08-29 18:38,1811,32.9,3.00,-47
2022-08-29 18:43,1812,32.7,3.00,-45
2022-08-29 18:48,1813,32.8,3.01,-46
2022-08-29 18:53,1814,32.9,2.99,-45
2022-08-29 18:58,1815,32.6,3.00,-45
2022-08-29 19:03,1816,32.6,2.99,-44
2022-08-29 19:08,1817,32.5,2.99,-45
2022-08-29 19:13,1818,32.3,3.00,-45
2022-08-29 19:18,1819,32.4,3.00,-47
2022-08-29 19:23,1820,32.1,2.99,-46
2022-08-29 19:28,1821,32.0,3.00,-45
2022-08-29 19:33,1822,32.0,3.00,-45
2022-08-29 19:38,1823,31.5,2.99,-46
2022-08-29 19:43,1824,31.3,2.99,-44
2022-08-29 19:47,1825,31.1,2.99,-45
2022-08-29 19:52,1826,30.5,3.00,-45
2022-08-29 19:57,1827,30.6,3.00,-47
2022-08-29 20:02,1828,30.4,2.99,-44
2022-08-29 20:07,1829,30.1,3.00,-46
2022-08-29 20:12,1830,30.1,3.00,-44
2022-08-29 20:17,1831,30.1,2.99,-46
2022-08-29 20:22,1832,29.7,3.01,-47
2022-08-29 20:27,1833,29.6,3.00,-47
2022-08-29 20:32,1834,29.7,2.99,-44
2022-08-29 20:37,1835,29.4,3.00,-44
2022-08-29 20:42,1836,28.9,2.99,-44
2022-08-29 20:47,1837,29.0,3.01,-47
2022-08-29 20:52,1838,29.0,3.00,-44
2022-08-29 20:57,1839,28.6,2.99,-45
2022-08-29 21:02,1840,28.4,3.00,-45
2022-08-29 21:07,1841,28.4,2.99,-46
2022-08-29 21:12,1842,28.3,2.99,-44
2022-08-29 21:17,1843,27.9,2.99,-46
2022-08-29 21:22,1844,27.8,3.00,-46
2022-08-29 21:27,1845,27.8,2.99,-45
2022-08-29 21:32,1846,27.6,3.00,-43
2022-08-29 21:37,1847,27.3,3.00,-44
2022-08-29 21:42,1848,27.3,2.99,-46
2022-08-29 21:47,1849,27.3,2.99,-45
2022-08-29 21:52,1850,27.2,3.00,-43
2022-08-29 21:57,1851,26.8,3.00,-47
2022-08-29 22:02,1852,26.8,2.99,-46
2022-08-29 22:07,1853,26.8,3.00,-45
2022-08-29 22:12,1854,26.7,2.99,-45
2022-08-29 22:17,1855,26.3,2.99,-46
2022-08-29 22:22,1856,26.3,2.99,-43
2022-08-29 22:27,1857,26.3,3.00,-45
2022-08-29 22:32,1858,26.2,2.98,-43
2022-08-29 22:37,1859,26.1,3.00,-45
2022-08-29 22:42,1860,25.7,2.99,-44
2022-08-29 22:47,1861,25.7,2.99,-45
2022-08-29 22:52,1862,25.7,2.99,-43
2022-08-29 22:57,1863,25.6,3.00,-43
2022-08-29 23:02,1864,25.5,2.99,-45
2022-08-29 23:06,1865,25.3,2.99,-44
2022-08-29 23:11,1866,25.2,2.98,-46
2022-08-29 23:16,1867,25.2,3.00,-45
2022-08-29 23:21,1868,25.1,2.99,-45
2022-08-29 23:26,1869,25.1,3.00,-44
2022-08-29 23:31,1870,24.8,2.99,-44
2022-08-29 23:36,1871,24.8,3.00,-46
2022-08-29 23:41,1872,24.7,2.98,-44
2022-08-29 23:46,1873,24.6,2.99,-45
2022-08-29 23:51,1874,24.6,3.00,-45
2022-08-29 23:56,1875,24.4,3.00,-45
2022-08-30 00:01,1876,24.3,3.00,-43
2022-08-30 00:06,1877,24.2,2.99,-43
2022-08-30 00:11,1878,24.1,2.98,-46
2022-08-30 00:16,1879,24.0,2.99,-43
2022-08-30 00:21,1880,23.9,2.99,-43
2022-08-30 00:26,1881,23.8,2.99,-44
2022-08-30 00:31,1882,23.7,2.99,-45
2022-08-30 00:36,1883,23.6,2.99,-45
2022-08-30 00:41,1884,23.5,2.99,-43
2022-08-30 00:46,1885,23.4,2.99,-45
2022-08-30 00:51,1886,23.3,3.00,-46
2022-08-30 00:56,1887,23.2,2.97,-49
2022-08-30 01:01,1888,23.2,2.99,-44
2022-08-30 01:06,1889,23.1,2.98,-49
2022-08-30 01:11,1890,23.0,2.99,-45
2022-08-30 01:16,1891,22.9,2.99,-46
2022-08-30 01:21,1892,22.8,2.99,-44
2022-08-30 01:26,1893,22.8,2.99,-45
2022-08-30 01:31,1894,22.7,2.99,-45
2022-08-30 01:36,1895,22.7,2.98,-46
2022-08-30 01:41,1896,22.6,3.00,-44
2022-08-30 01:46,1897,22.5,2.99,-45
2022-08-30 01:51,1898,22.4,2.99,-44
2022-08-30 01:56,1899,22.4,2.98,-44
2022-08-30 02:01,1900,22.3,2.98,-43
2022-08-30 02:06,1901,22.3,2.98,-47
2022-08-30 02:11,1902,22.2,2.99,-45
2022-08-30 02:16,1903,22.2,2.98,-44
2022-08-30 02:21,1904,22.1,2.98,-43
2022-08-30 02:26,1905,22.0,2.99,-45
2022-08-30 02:31,1906,22.0,2.97,-45
2022-08-30 02:36,1907,22.0,2.98,-45
2022-08-30 02:40,1908,21.9,2.98,-42
2022-08-30 02:45,1909,21.8,2.99,-45
2022-08-30 02:50,1910,21.8,2.97,-43
2022-08-30 02:55,1911,21.8,3.00,-44
2022-08-30 03:00,1912,21.7,2.99,-43
2022-08-30 03:05,1913,21.7,2.99,-43
2022-08-30 03:10,1914,21.7,2.97,-45
2022-08-30 03:15,1915,21.6,2.99,-43
2022-08-30 03:20,1916,21.6,2.99,-45
2022-08-30 03:25,1917,21.5,2.97,-47
2022-08-30 03:30,1918,21.4,2.98,-43
2022-08-30 03:35,1919,21.4,2.98,-44
2022-08-30 03:40,1920,21.3,2.99,-45
2022-08-30 03:45,1921,21.3,2.99,-44
2022-08-30 03:50,1922,21.2,2.99,-43
2022-08-30 03:55,1923,21.2,2.98,-45
2022-08-30 04:00,1924,21.1,2.99,-42
2022-08-30 04:05,1925,21.1,2.98,-43
2022-08-30 04:10,1926,21.0,2.98,-43
2022-08-30 04:15,1927,21.0,2.99,-45
2022-08-30 04:20,1928,20.9,2.97,-43
2022-08-30 04:25,1929,20.9,2.98,-44
2022-08-30 04:30,1930,20.8,2.99,-45
2022-08-30 04:35,1931,20.8,2.98,-44
2022-08-30 04:40,1932,20.8,2.98,-43
2022-08-30 04:45,1933,20.7,2.99,-45
2022-08-30 04:50,1934,20.7,2.97,-43
2022-08-30 04:55,1935,20.7,2.99,-45
2022-08-30 05:00,1936,20.6,2.97,-43
2022-08-30 05:05,1937,20.6,2.98,-44
2022-08-30 05:10,1938,20.6,2.98,-45
2022-08-30 05:15,1939,20.5,2.97,-43
2022-08-30 05:20,1940,20.5,2.98,-45
2022-08-30 05:25,1941,20.5,2.97,-45
2022-08-30 05:30,1942,20.5,2.99,-44
2022-08-30 05:35,1943,20.5,2.97,-41
2022-08-30 05:40,1944,20.4,2.99,-43
2022-08-30 05:45,1945,20.4,2.98,-45
2022-08-30 05:50,1946,20.4,2.98,-44
2022-08-30 05:55,1947,20.4,2.97,-45
2022-08-30 06:00,1948,20.4,2.97,-45
2022-08-30 06:05,1949,20.4,2.97,-46
2022-08-30 06:10,1950,20.4,2.98,-40
2022-08-30 06:14,1951,20.4,2.99,-44
2022-08-30 06:19,1952,20.4,2.99,-43
2022-08-30 06:24,1953,20.4,2.97,-48
2022-08-30 06:29,1954,20.3,2.98,-43
2022-08-30 06:34,1955,20.3,2.97,-41
2022-08-30 06:39,1956,20.3,2.97,-43
2022-08-30 06:44,1957,20.3,2.98,-45
2022-08-30 06:49,1958,20.3,2.97,-43
2022-08-30 06:54,1959,20.3,2.98,-45
2022-08-30 06:59,1960,20.3,2.98,-43
2022-08-30 07:04,1961,20.3,2.98,-45
2022-08-30 07:09,1962,20.3,2.98,-43
2022-08-30 07:14,1963,20.3,2.97,-45
2022-08-30 07:19,1964,20.3,2.97,-42
2022-08-30 07:24,1965,20.3,2.96,-43
2022-08-30 07:29,1966,20.4,2.98,-44
2022-08-30 07:34,1967,20.4,2.98,-44
2022-08-30 07:39,1968,20.4,2.98,-43
2022-08-30 07:44,1969,20.5,2.98,-44
2022-08-30 07:49,1970,20.5,2.98,-43
2022-08-30 07:54,1971,20.5,2.98,-41
2022-08-30 07:59,1972,20.5,2.98,-40
2022-08-30 08:04,1973,20.6,2.97,-45
2022-08-30 08:09,1974,20.6,2.98,-43
2022-08-30 08:14,1975,20.6,2.98,-45
2022-08-30 08:19,1976,20.6,2.97,-43
2022-08-30 08:24,1977,20.7,2.98,-43
2022-08-30 08:29,1978,20.7,2.99,-43
2022-08-30 08:34,1979,20.7,2.99,-43
2022-08-30 08:39,1980,20.7,2.98,-42
2022-08-30 08:44,1981,20.8,2.97,-45
2022-08-30 08:49,1982,20.8,2.98,-42
2022-08-30 08:54,1983,20.8,2.97,-45
2022-08-30 08:59,1984,20.8,2.98,-44
2022-08-30 09:04,1985,20.9,2.97,-43
2022-08-30 09:09,1986,20.9,2.98,-43
2022-08-30 09:14,1987,20.9,2.97,-48
2022-08-30 09:19,1988,20.9,2.97,-42
2022-08-30 09:24,1989,20.9,2.97,-45
2022-08-30 09:29,1990,21.0,2.98,-46
2022-08-30 09:34,1991,21.0,2.98,-42
2022-08-30 09:39,1992,21.0,2.98,-44
2022-08-30 09:44,1993,21.1,2.97,-43
2022-08-30 09:48,1994,21.1,2.97,-43
2022-08-30 09:53,1995,21.1,2.97,-46
2022-08-30 09:58,1996,21.2,2.98,-44
2022-08-30 10:03,1997,21.2,2.97,-44
2022-08-30 10:08,1998,21.2,2.98,-44
2022-08-30 10:13,1999,21.3,2.97,-44
2022-08-30 10:18,2000,21.3,2.98,-42
2022-08-30 10:23,2001,21.4,2.97,-44
2022-08-30 10:28,2002,21.4,2.98,-48
2022-08-30 10:33,2003,21.5,2.99,-48
2022-08-30 10:38,2004,21.6,2.98,-47
2022-08-30 10:43,2005,21.6,2.97,-46
2022-08-30 10:48,2006,21.7,2.98,-47
2022-08-30 10:53,2007,21.8,2.97,-47
2022-08-30 10:58,2008,21.9,2.98,-47
2022-08-30 11:03,2009,21.9,2.99,-46
2022-08-30 11:08,2010,22.0,2.98,-46
2022-08-30 11:13,2011,22.1,2.97,-48
2022-08-30 11:18,2012,22.2,2.98,-48
2022-08-30 11:23,2013,22.3,2.97,-49
2022-08-30 11:28,2014,22.3,2.98,-46
2022-08-30 11:33,2015,22.4,2.98,-48
2022-08-30 11:38,2016,22.5,2.98,-47
2022-08-30 11:43,2017,22.5,2.98,-50
2022-08-30 11:48,2018,22.6,2.98,-48
2022-08-30 11:53,2019,22.7,2.98,-47
2022-08-30 11:58,2020,22.7,2.97,-46
2022-08-30 12:03,2021,22.8,2.98,-47
2022-08-30 12:08,2022,22.9,2.97,-48
2022-08-30 12:13,2023,23.0,2.98,-48
2022-08-30 12:18,2024,23.0,2.99,-49
2022-08-30 12:23,2025,23.1,2.97,-51
2022-08-30 12:28,2026,23.2,2.97,-50
2022-08-30 12:33,2027,23.2,2.97,-49
2022-08-30 12:38,2028,23.3,2.97,-49
2022-08-30 12:43,2029,23.3,2.98,-48
2022-08-30 12:48,2030,23.4,2.98,-48
2022-08-30 12:53,2031,23.5,2.98,-50
2022-08-30 12:58,2032,23.6,2.99,-49
2022-08-30 13:03,2033,23.7,2.98,-48
2022-08-30 13:08,2034,23.7,2.98,-50
2022-08-30 13:13,2035,23.7,2.98,-49
2022-08-30 13:18,2036,23.8,2.97,-49
2022-08-30 13:23,2037,23.9,2.98,-51
2022-08-30 13:27,2038,23.9,2.98,-49
2022-08-30 13:32,2039,24.0,2.98,-50
2022-08-30 13:37,2040,24.1,2.98,-50
2022-08-30 13:42,2041,24.2,2.99,-48
2022-08-30 13:47,2042,24.3,2.99,-49
2022-08-30 13:52,2043,24.3,2.98,-47
2022-08-30 13:57,2044,24.5,2.98,-48
2022-08-30 14:02,2045,24.8,2.99,-48
2022-08-30 14:07,2046,25.1,2.98,-48
2022-08-30 14:12,2047,25.2,2.98,-51
2022-08-30 14:17,2048,25.6,2.98,-46
2022-08-30 14:22,2049,26.0,2.97,-47
2022-08-30 14:27,2050,26.2,2.98,-50
